4IG.HU,4IG
ALTEO.HU,ALTEO
ALTERA.HU,ALTERA
ANY.HU,ANY
APPENINN.HU,APPENINN
BIF.HU,BIF
CIGPANNONIA.HU,CIGPANNONIA
CSEPEL.HU,CSEPEL
EHEP.HU,EHEP
ELMU.HU,ELMU
EMASZ.HU,EMASZ
ENEFI.HU,ENEFI
ESTMEDIA.HU,ESTMEDIA
EXTERNET.HU,EXTERNET
FHB.HU,FHB
FINEXT.HU,FINEXT
FORRAS_OE.HU,FORRAS/OE
FORRAS_T.HU,FORRAS/T
FUTURAQUA.HU,FUTURAQUA
GSPARK.HU,GSPARK
KEG.HU,KEG
KONZUM.HU,KONZUM
KPACK.HU,KPACK
KULCSSOFT.HU,KULCSSOFT
MASTERPLAST.HU,MASTERPLAST
MOL.HU,MOL
MTELEKOM.HU,MTELEKOM
NORDTELEKOM.HU,NORDTELEKOM
NUTEX.HU,NUTEX
OPIMUS.HU,OPIMUS
ORMESTER.HU,ORMESTER
OTP.HU,OTP
OTT1.HU,OTT1
PANNERGY.HU,PANNERGY
PLOTINUS.HU,PLOTINUS
PVALTO.HU,PVALTO
RABA.HU,RABA
RICHTER.HU,RICHTER
SHOP.HU,SHOP
SYNERGON.HU,SYNERGON
TRINV.HU,TRINV
TWDINVEST.HU,TWDINVEST
UPDATE1.HU,UPDATE1
VISONKA.HU,VISONKA
ZWACK.HU,ZWACK