AAAP.US,ADVANCED ACCELERATOR APPLICATIONS
AAL.US,AMERICAN AIRLINES GROUP
AAME.US,ATLANTIC AMERICAN
AAOI.US,APPLIED OPTOELECTRONICS
AAON.US,AAON
AAPC.US,ATLANTIC ALLIANCE PARTNERSHIP
AAPL.US,APPLE
AAVL.US,AVALANCHE BIOTECHNOLOGIES
AAWW.US,ATLAS AIR WORLDWIDE HOLDINGS
AAXJ.US,ISHARES MSCI ALL COUNTRY ASIA EX JAPAN ETF
ABAC.US,AOXIN TIANLI GROUP
ABAX.US,ABAXIS
ABCB.US,AMERIS BANCORP
ABCD.US,CAMBIUM LEARNING GROUP
ABCO.US,THE ADVISORY BOARD COMPANY
ABCW.US,ANCHOR BANCORP WISCONSIN
ABDC.US,ALCENTRA CAPITAL
ABEO.US,ABEONA THERAPEUTICS
ABEOW.US,ABEONA THERAPEUTICS
ABGB.US,ABENGOA
ABIO.US,ARCA BIOPHARMA
ABMD.US,ABIOMED
ABTL.US,AUTOBYTEL
ABTX.US,ALLEGIANCE BANCSHARES
ABUS.US,ARBUTUS BIOPHARMA
ABY.US,ABENGOA YIELD
ACAD.US,ACADIA PHARMACEUTICALS
ACAS.US,AMERICAN CAPITAL
ACAT.US,ARCTIC CAT
ACBI.US,ATLANTIC CAPITAL BANCSHARES
ACET.US,ACETO
ACFC.US,ATLANTIC COAST FINANCIAL
ACFN.US,ACORN ENERGY
ACGL.US,ARCH CAPITAL GROUP
ACHC.US,ACADIA HEALTHCARE
ACHN.US,ACHILLION PHARMACEUTICALS
ACIW.US,ACI WORLDWIDE
ACLS.US,AXCELIS TECHNOLOGIES
ACNB.US,ACNB
ACOR.US,ACORDA THERAPEUTICS
ACPW.US,ACTIVE POWER
ACRS.US,ACLARIS THERAPEUTICS
ACRX.US,ACELRX PHARMACEUTICALS
ACSF.US,AMERICAN CAPITAL SENIOR FLOATING
ACST.US,ACASTI PHARMA
ACTA.US,ACTUA
ACTG.US,ACACIA RESEARCH
ACTS.US,ACTIONS SEMICONDUCTOR
ACTX.US,GLOBAL X GURU ACTIVIST ETF
ACUR.US,ACURA PHARMACEUTICALS
ACWI.US,ISHARES MSCI ACWI ETF
ACWX.US,ISHARES MSCI ACWI EX US ETF
ACXM.US,ACXIOM
ADAP.US,ADAPTIMMUNE THERAPEUTICS
ADAT.US,AUTHENTIDATE HOLDING
ADBE.US,ADOBE SYSTEMS
ADHD.US,ALCOBRA
ADI.US,ANALOG DEVICES
ADMA.US,ADMA BIOLOGICS
ADMP.US,ADAMIS PHARMACEUTICALS
ADMS.US,ADAMAS PHARMACEUTICALS
ADP.US,AUTOMATIC DATA PROCESSING
ADRA.US,BLDRS ASIA 50 ADR INDEX FUND
ADRD.US,BLDRS DEVELOPED MARKETS 100 ADR INDEX FUND
ADRE.US,BLDRS EMERGING MARKETS 50 ADR INDEX FUND
ADRO.US,ADURO BIOTECH
ADRU.US,BLDRS EUROPE 100 ADR INDEX FUND
ADSK.US,AUTODESK
ADTN.US,ADTRAN
ADUS.US,ADDUS HOMECARE
ADXS.US,ADVAXIS
ADXSW.US,ADVAXIS
AEGN.US,AEGION
AEGR.US,AEGERION PHARMACEUTICALS
AEHR.US,AEHR TEST SYSTEMS
AEIS.US,ADVANCED ENERGY INDUSTRIES
AEMD.US,AETHLON MEDICAL
AEPI.US,AEP INDUSTRIES
AERI.US,AERIE PHARMACEUTICALS
AETI.US,AMERICAN ELECTRIC TECHNOLOGIES
AEY.US,ADDVANTAGE TECHNOLOGIES GROUP
AEZS.US,AETERNA ZENTARIS
AFAM.US,ALMOST FAMILY
AFCB.US,ATHENS BANCSHARES
AFFX.US,AFFYMETRIX
AFH.US,ATLAS FINANCIAL HOLDINGS
AFMD.US,AFFIMED
AFOP.US,ALLIANCE FIBER OPTIC PRODUCTS
AFSI.US,AMTRUST FINANCIAL SERVICES
AGEN.US,AGENUS
AGFS.US,AGROFRESH SOLUTIONS
AGFSW.US,AGROFRESH SOLUTIONS
AGII.US,ARGO GROUP INT HOLDINGS
AGIIL.US,ARGO GROUP INT HOLDINGS
AGIO.US,AGIOS PHARMACEUTICALS
AGMX.US,AUTOGENOMICS
AGNC.US,AMERICAN CAPITAL AGENCY
AGNCB.US,AMERICAN CAPITAL AGENCY
AGNCP.US,AMERICAN CAPITAL AGENCY
AGND.US,WISDOMTREE BARCLAYS US AGGREGATE BOND NEGATIVE DURATION FUND
AGRX.US,AGILE THERAPEUTICS
AGTC.US,APPLIED GENETIC TECHNOLOGIES
AGYS.US,AGILYSYS
AGZD.US,WISDOMTREE BARCLAYS US AGGREGATE BOND ZERO DURATION FUND
AHGP.US,ALLIANCE HOLDINGS GP
AHPI.US,ALLIED HEALTHCARE PRODUCTS
AIMC.US,ALTRA INDUSTRIAL MOTION
AIMT.US,AIMMUNE THERAPEUTICS
AINV.US,APOLLO INVESTMENT
AIQ.US,ALLIANCE HEALTHCARE SERVICES
AIRM.US,AIR METHODS
AIRR.US,FIRST TRUST RBA AMERICAN INDUSTRIAL RENAISSANCE ETF
AIRT.US,AIR T
AIXG.US,AIXTRON SE
AKAM.US,AKAMAI TECHNOLOGIES
AKAO.US,ACHAOGEN
AKBA.US,AKEBIA THERAPEUTICS
AKER.US,AKERS BIOSCIENCES
AKRX.US,AKORN
AKTX.US,AKARI THERAPEUTICS
ALCO.US,ALICO
ALDR.US,ALDER BIOPHARMACEUTICALS
ALDX.US,ALDEYRA THERAPEUTICS
ALGN.US,ALIGN TECHNOLOGY
ALGT.US,ALLEGIANT TRAVEL
ALIM.US,ALIMERA SCIENCES
ALKS.US,ALKERMES
ALLT.US,ALLOT COMMUNICATIONS
ALNY.US,ALNYLAM PHARMACEUTICALS
ALOG.US,ANALOGIC
ALOT.US,ASTRO-MED
ALQA.US,ALLIQUA BIOMEDICAL
ALRM.US,ALARM.COM HOLDINGS
ALSK.US,ALASKA COMMUNICATIONS SYSTEMS GROUP
ALTR.US,ALTERA
ALTY.US,GLOBAL X SUPERDIVIDEND ALTERNATIVES ETF
ALXA.US,ALEXZA PHARMACEUTICALS
ALXN.US,ALEXION PHARMACEUTICALS
AMAG.US,AMAG PHARMACEUTICALS
AMAT.US,APPLIED MATERIALS
AMBA.US,AMBARELLA
AMBC.US,AMBAC FINANCIAL GROUP
AMBCW.US,AMBAC FINANCIAL GROUP
AMCC.US,APPLIED MICRO CIRCUITS
AMCF.US,ANDATEE CHINA MARINE FUEL SERVICES
AMCN.US,AIRMEDIA GROUP
AMCX.US,AMC NETWORKS
AMD.US,ADVANCED MICRO DEVICES
AMDA.US,AMEDICA
AMED.US,AMEDISYS
AMEH.US,APOLLO MEDICAL HOLDINGS
AMGN.US,AMGEN
AMIC.US,AMERICAN INDEPENDENCE
AMKR.US,AMKOR TECHNOLOGY
AMNB.US,AMERICAN NATIONAL BANKSHARES
AMOT.US,ALLIED MOTION TECHNOLOGIES
AMOV.US,AMERICA MOVIL SAB DE CV
AMPH.US,AMPHASTAR PHARMACEUTICALS
AMRB.US,AMERICAN RIVER BANKSHARES
AMRI.US,ALBANY MOLECULAR RESEARCH
AMRK.US,A-MARK PRECIOUS METALS
AMRN.US,AMARIN
AMRS.US,AMYRIS
AMSC.US,AMERICAN SUPERCONDUCTOR
AMSF.US,AMERISAFE
AMSG.US,AMSURG
AMSGP.US,AMSURG
AMSWA.US,AMERICAN SOFTWARE
AMTX.US,AEMETIS
AMWD.US,AMERICAN WOODMARK
AMZN.US,AMAZON.COM
ANAC.US,ANACOR PHARMACEUTICALS
ANAD.US,ANADIGICS
ANAT.US,AMERICAN NATIONAL INSURANCE
ANCB.US,ANCHOR BANCORP
ANCX.US,ACCESS NATIONAL
ANDA.US,ANDINA ACQUISITION II
ANDAR.US,ANDINA ACQUISITION II
ANDAU.US,ANDINA ACQUISITION II
ANDAW.US,ANDINA ACQUISITION II
ANDE.US,THE ANDERSONS
ANGI.US,ANGIE'S LIST
ANGO.US,ANGIODYNAMICS
ANIK.US,ANIKA THERAPEUTICS
ANIP.US,ANI PHARMACEUTICALS
ANSS.US,ANSYS
ANTE.US,ANTERIOS
ANTH.US,ANTHERA PHARMACEUTICALS
ANY.US,SPHERE 3D
AOSL.US,ALPHA & OMEGA SEMICONDUCTOR
APDN.US,APPLIED DNA SCIENCES
APDNW.US,APPLIED DNA SCIENCES
APEI.US,AMERICAN PUBLIC EDUCATION
APIC.US,APIGEE
APLP.US,ARCHROCK PARTNERS
APOG.US,APOGEE ENTERPRISES
APOL.US,APOLLO EDUCATION GROUP
APPF.US,APPFOLIO
APPS.US,DIGITAL TURBINE
APPY.US,VENAXIS
APRI.US,APRICUS BIOSCIENCES
APTO.US,APTOSE BIOSCIENCES
APWC.US,ASIA PACIFIC WIRE & CABLE
AQMS.US,AQUA METALS
AQXP.US,AQUINOX PHARMACEUTICALS
ARAY.US,ACCURAY
ARCB.US,ARCBEST
ARCC.US,ARES CAPITAL
ARCI.US,APPLIANCE RECYCLING CENTERS OF AMERICA
ARCW.US,ARC GROUP WORLDWIDE
ARDM.US,ARADIGM
ARDX.US,ARDELYX
AREX.US,APPROACH RESOURCES
ARGS.US,ARGOS THERAPEUTICS
ARIA.US,ARIAD PHARMACEUTICALS
ARII.US,AMERICAN RAILCAR INDUSTRIES
ARIS.US,ARI NETWORK SERVICES
ARKR.US,ARK RESTAURANTS
ARLP.US,ALLIANCE RESOURCE PARTNERS
ARMH.US,ARM HOLDINGS
ARNA.US,ARENA PHARMACEUTICALS
AROW.US,ARROW FINANCIAL
ARQL.US,ARQULE
ARRS.US,ARRIS GROUP
ARRY.US,ARRAY BIOPHARMA
ARTNA.US,ARTESIAN RESOURCES
ARTW.US,ART'S-WAY MANUFACTURING
ARTX.US,AROTECH
ARWA.US,AROWANA
ARWAR.US,AROWANA
ARWAU.US,AROWANA
ARWAW.US,AROWANA
ARWR.US,ARROWHEAD RESEARCH
ASBB.US,ASB BANCORP
ASBI.US,AMERIANA BANCORP
ASCMA.US,ASCENT CAPITAL GROUP
ASEI.US,AMERICAN SCIENCE & ENGINEERING
ASET.US,FLEXSHARES REAL ASSETS ALLOCATION INDEX FUND
ASFI.US,ASTA FUNDING
ASMB.US,ASSEMBLY BIOSCIENCES
ASML.US,ASML HOLDING
ASNA.US,ASCENA RETAIL GROUP
ASND.US,ASCENDIS PHARMA A/S
ASPS.US,ALTISOURCE PORTFOLIO SOLUTIONS
ASRV.US,AMERISERV FINANCIAL
ASRVP.US,AMERISERV FINANCIAL
ASTC.US,ASTROTECH
ASTE.US,ASTEC INDUSTRIES
ASTI.US,ASCENT SOLAR TECHNOLOGIES
ASUR.US,ASURE SOFTWARE
ASYS.US,AMTECH SYSTEMS
ATAI.US,ATA
ATAX.US,AMERICA FIRST MULTIFAMILY INVESTORS
ATEA.US,ASTEA INTERNATIONAL
ATEC.US,ALPHATEC HOLDINGS
ATHN.US,ATHENAHEALTH
ATHX.US,ATHERSYS
ATLC.US,ATLANTICUS HOLDINGS
ATLO.US,AMES NATIONAL
ATML.US,ATMEL
ATNI.US,ATLANTIC TELE-NETWORK
ATNY.US,API TECHNOLOGIES
ATOS.US,ATOSSA GENETICS
ATRA.US,ATARA BIOTHERAPEUTICS
ATRC.US,ATRICURE
ATRI.US,ATRION
ATRM.US,ATRM HOLDINGS
ATRO.US,ASTRONICS
ATRS.US,ANTARES PHARMA
ATSG.US,AIR TRANSPORT SERVICES GROUP
ATTU.US,ATTUNITY
ATVI.US,ACTIVISION BLIZZARD
AUBN.US,AUBURN NATIONAL BANCORPORATION
AUDC.US,AUDIOCODES
AUMA.US,AR CAPITAL ACQUISITION
AUMAU.US,AR CAPITAL ACQUISITION
AUMAW.US,AR CAPITAL ACQUISITION
AUPH.US,AURINIA PHARMACEUTICALS
AVAV.US,AEROVIRONMENT
AVEO.US,AVEO PHARMACEUTICALS
AVGO.US,AVAGO TECHNOLOGIES
AVGR.US,AVINGER
AVHI.US,AV HOMES
AVID.US,AVID TECHNOLOGY
AVNU.US,AVENUE FINANCIAL HOLDINGS
AVNW.US,AVIAT NETWORKS
AVXL.US,ANAVEX LIFE SCIENCES
AWAY.US,HOMEAWAY
AWRE.US,AWARE
AXAS.US,ABRAXAS PETROLEUM
AXDX.US,ACCELERATE DIAGNOSTICS
AXGN.US,AXOGEN
AXPW.US,AXION POWER INT
AXPWW.US,AXION POWER INT
AXSM.US,AXSOME THERAPEUTICS
AXTI.US,AXT
AYA.US,AMAYA
AZPN.US,ASPEN TECHNOLOGY
BABY.US,NATUS MEDICAL
BAMM.US,BOOKS-A-MILLION
BANF.US,BANCFIRST
BANFP.US,BANCFIRST
BANR.US,BANNER
BANX.US,STONECASTLE FINANCIAL
BASI.US,BIOANALYTICAL SYSTEMS
BBBY.US,BED BATH & BEYOND
BBC.US,BIOSHARES BIOTECHNOLOGY CLINICAL TRIALS FUND
BBCN.US,BBCN BANCORP
BBEP.US,BREITBURN ENERGY PARTNERS
BBEPP.US,BREITBURN ENERGY PARTNERS
BBGI.US,BEASLEY BROADCAST GROUP
BBLU.US,BLUE EARTH
BBOX.US,BLACK BOX
BBP.US,BIOSHARES BIOTECHNOLOGY PRODUCTS FUND
BBRG.US,BRAVO BRIO RESTAURANT GROUP
BBRY.US,BLACKBERRY
BBSI.US,BARRETT BUSINESS SERVICES
BCBP.US,BCB BANCORP
BCDA.US,BIOCARDIA
BCLI.US,BRAINSTORM CELL THERAPEUTICS
BCOM.US,B COMMUNICATIONS
BCOR.US,BLUCORA
BCOV.US,BRIGHTCOVE
BCPC.US,BALCHEM
BCRX.US,BIOCRYST PHARMACEUTICALS
BDBD.US,BOULDER BRANDS
BDE.US,BLACK DIAMOND
BDGE.US,BRIDGE BANCORP
BDMS.US,BIRNER DENTAL MANAGEMENT SERVICES
BDSI.US,BIODELIVERY SCIENCES INT
BEAT.US,BIOTELEMETRY
BEAV.US,B/E AEROSPACE
BEBE.US,BEBE STORES
BECN.US,BEACON ROOFING SUPPLY
BELFA.US,BEL FUSE
BELFB.US,BEL FUSE
BFIN.US,BANKFINANCIAL
BGCP.US,BGC PARTNERS
BGFV.US,BIG 5 SPORTING GOODS
BGMD.US,BG MEDICINE
BHAC.US,BARINGTON/HILCO ACQUISITION
BHACR.US,BARINGTON/HILCO ACQUISITION
BHACU.US,BARINGTON/HILCO ACQUISITION
BHACW.US,BARINGTON/HILCO ACQUISITION
BHBK.US,BLUE HILLS BANCORP
BIB.US,PROSHARES ULTRA NASDAQ BIOTECHNOLOGY
BICK.US,FIRST TRUST BICK INDEX FUND
BIDU.US,BAIDU
BIIB.US,BIOGEN
BIND.US,BIND THERAPEUTICS
BIOC.US,BIOCEPT
BIOD.US,BIODEL
BIOL.US,BIOLASE
BIOS.US,BIOSCRIP
BIS.US,PROSHARES ULTRASHORT NASDAQ BIOTECHNOLOGY
BITE.US,THE RESTAURANT ETF
BITI.US,BIOTIE THERAPIES OYJ
BJRI.US,BJ'S RESTAURANTS
BKCC.US,BLACKROCK CAPITAL INVESTMENT
BKEP.US,BLUEKNIGHT ENERGY PARTNERS
BKEPP.US,BLUEKNIGHT ENERGY PARTNERS
BKMU.US,BANK MUTUAL
BKSC.US,BANK OF SOUTH CAROLINA
BLBD.US,BLUE BIRD
BLBDW.US,BLUE BIRD
BLCM.US,BELLICUM PHARMACEUTICALS
BLDP.US,BALLARD POWER SYSTEMS
BLDR.US,BUILDERS FIRSTSOURCE
BLFS.US,BIOLIFE SOLUTIONS
BLIN.US,BRIDGELINE DIGITAL
BLKB.US,BLACKBAUD
BLMN.US,BLOOMIN' BRANDS
BLMT.US,BSB BANCORP
BLPH.US,BELLEROPHON THERAPEUTICS
BLRX.US,BIOLINE RX
BLUE.US,BLUEBIRD BIO
BLVD.US,BOULEVARD ACQUISITION II
BLVDU.US,BOULEVARD ACQUISITION II
BLVDW.US,BOULEVARD ACQUISITION II
BMRC.US,BANK OF MARIN BANCORP
BMRN.US,BIOMARIN PHARMACEUTICAL
BMTC.US,BRYN MAWR BANK
BNCL.US,BENEFICIAL BANCORP
BNCN.US,BNC BANCORP
BNDX.US,VANGUARD TOTAL INT BOND ETF
BNFT.US,BENEFITFOCUS
BNSO.US,BONSO ELECTRONICS INT
BNTC.US,BENITEC BIOPHARMA
BNTCW.US,BENITEC BIOPHARMA
BOBE.US,BOB EVANS FARMS
BOCH.US,BANK OF COMMERCE HOLDINGS
BOFI.US,BOFI HOLDING
BOJA.US,BOJANGLES'
BOKF.US,BOK FINANCIAL
BONA.US,BONA FILM GROUP
BONT.US,THE BON-TON STORES
BOOM.US,DYNAMIC MATERIALS
BOSC.US,BOS BETTER ON-LINE SOLUTIONS
BOTA.US,BIOTA PHARMACEUTICALS
BOTJ.US,BANK OF THE JAMES FINANCIAL GROUP
BOXL.US,BOXLIGHT
BPFH.US,BOSTON PRIVATE FINANCIAL HOLDINGS
BPFHP.US,BOSTON PRIVATE FINANCIAL HOLDINGS
BPFHW.US,BOSTON PRIVATE FINANCIAL HOLDINGS
BPMC.US,BLUEPRINT MEDICINES
BPOP.US,POPULAR
BPOPM.US,POPULAR
BPOPN.US,POPULAR
BPTH.US,BIO-PATH HOLDINGS
BRCD.US,BROCADE COMMUNICATIONS SYSTEMS
BRCM.US,BROADCOM
BREW.US,CRAFT BREW ALLIANCE
BRID.US,BRIDGFORD FOODS
BRKL.US,BROOKLINE BANCORP
BRKR.US,BRUKER
BRKS.US,BROOKS AUTOMATION
BSET.US,BASSETT FURNITURE INDUSTRIES
BSF.US,BEAR STATE FINANCIAL
BSFT.US,BROADSOFT
BSPM.US,BIOSTAR PHARMACEUTICALS
BSQR.US,BSQUARE
BSRR.US,SIERRA BANCORP
BSTC.US,BIOSPECIFICS TECHNOLOGIES
BUFF.US,BLUE BUFFALO PET PRODUCTS
BUR.US,BURCON NUTRASCIENCE
BUSE.US,FIRST BUSEY
BV.US,BAZAARVOICE
BVA.US,CORDIA BANCORP
BVSN.US,BROADVISION
BVXV.US,BIONDVAX PHARMACEUTICALS
BVXVW.US,BIONDVAX PHARMACEUTICALS
BWEN.US,BROADWIND ENERGY
BWFG.US,BANKWELL FINANCIAL GROUP
BWINA.US,BALDWIN & LYONS
BWINB.US,BALDWIN & LYONS
BWLD.US,BUFFALO WILD WINGS
BYBK.US,BAY BANCORP
BYFC.US,BROADWAY FINANCIAL
BYLK.US,BAYLAKE
BZUN.US,BAOZUN
CA.US,CA
CAAS.US,CHINA AUTOMOTIVE SYSTEMS
CAC.US,CAMDEN NATIONAL
CACB.US,CASCADE BANCORP
CACC.US,CREDIT ACCEPTANCE
CACQ.US,CAESARS ACQUISITION
CADC.US,CHINA ADVANCED CONSTRUCTION MATERIALS GROUP
CADT.US,DT ASIA INVESTMENTS
CADTR.US,DT ASIA INVESTMENTS
CADTU.US,DT ASIA INVESTMENTS
CADTW.US,DT ASIA INVESTMENTS
CAFD.US,8POINT3 ENERGY PARTNERS
CAKE.US,THE CHEESECAKE FACTORY INCORPORATED
CALA.US,CALITHERA BIOSCIENCES
CALD.US,CALLIDUS SOFTWARE
CALI.US,CHINA AUTO LOGISTICS
CALL.US,MAGICJACK VOCALTEC
CALM.US,CAL-MAINE FOODS
CAMB.US,CAMBRIDGE CAPITAL ACQUISITION
CAMBU.US,CAMBRIDGE CAPITAL ACQUISITION
CAMBW.US,CAMBRIDGE CAPITAL ACQUISITION
CAMP.US,CALAMP
CAMT.US,CAMTEK
CAPN.US,CAPNIA
CAPNW.US,CAPNIA
CAPR.US,CAPRICOR THERAPEUTICS
CAPX.US,ELKHORN S&P 500 CAPITAL EXPENDITURES PORTFOLIO
CAR.US,AVIS BUDGET GROUP
CARA.US,CARA THERAPEUTICS
CARB.US,CARBONITE
CARO.US,CAROLINA FINANCIAL
CART.US,CAROLINA TRUST BANK
CARV.US,CARVER BANCORP
CARZ.US,FIRST TRUST NASDAQ GLOBAL AUTO INDEX FUND
CASH.US,META FINANCIAL GROUP
CASI.US,CASI PHARMACEUTICALS
CASM.US,CAS MEDICAL SYSTEMS
CASS.US,CASS INFORMATION SYSTEMS
CASY.US,CASEY'S GENERAL STORES
CATB.US,CATABASIS PHARMACEUTICALS
CATM.US,CARDTRONICS
CATY.US,CATHAY GENERAL BANCORP
CATYW.US,CATHAY GENERAL BANCORP
CAVM.US,CAVIUM
CBAK.US,CHINA BAK BATTERY
CBAN.US,COLONY BANKCORP
CBAY.US,CYMABAY THERAPEUTICS
CBF.US,CAPITAL BANK FINANCIAL
CBFV.US,CB FINANCIAL SERVICES
CBIO.US,CATALYST BIOSCIENCES
CBLI.US,CLEVELAND BIOLABS
CBMG.US,CELLULAR BIOMEDICINE GROUP
CBMX.US,COMBIMATRIX
CBNJ.US,CAPE BANCORP
CBNK.US,CHICOPEE BANCORP
CBOE.US,CBOE HOLDINGS
CBPO.US,CHINA BIOLOGIC PRODUCTS
CBRL.US,CRACKER BARREL OLD COUNTRY STORE
CBSH.US,COMMERCE BANCSHARES
CBSHP.US,COMMERCE BANCSHARES
CBYL.US,CARBYLAN THERAPEUTICS
CCBG.US,CAPITAL CITY BANK GROUP
CCCL.US,CHINA CERAMICS
CCCR.US,CHINA COMMERCIAL CREDIT
CCD.US,CALAMOS DYNAMIC CONVERTIBLE & INCOME FUND
CCIH.US,CHINACACHE INT HOLDINGS
CCLP.US,CSI COMPRESSCO
CCMP.US,CABOT MICROELECTRONICS
CCNE.US,CNB FINANCIAL
CCOI.US,COGENT COMMUNICATIONS HOLDINGS
CCRN.US,CROSS COUNTRY HEALTHCARE
CCUR.US,CONCURRENT COMPUTER
CCXI.US,CHEMOCENTRYX
CDC.US,VICTORY CEMP US EQ INCOME ENHANCED VOLATILITY WTD ETF
CDK.US,CDK GLOBAL
CDL.US,VICTORY CEMP US LARGE CAP HIGH DIV VOLATILITY WTD ETF
CDNA.US,CAREDX
CDNS.US,CADENCE DESIGN SYSTEMS
CDOR.US,CONDOR HOSPITALITY TRUST
CDORO.US,CONDOR HOSPITALITY TRUST
CDORP.US,CONDOR HOSPITALITY TRUST
CDRB.US,CODE REBEL
CDTI.US,CLEAN DIESEL TECHNOLOGIES
CDTX.US,CIDARA THERAPEUTICS
CDW.US,CDW
CDXS.US,CODEXIS
CDZI.US,CADIZ
CECE.US,CECO ENVIRONMENTAL
CECO.US,CAREER EDUCATION
CELG.US,CELGENE
CELGZ.US,CELGENE
CEMI.US,CHEMBIO DIAGNOSTICS
CEMP.US,CEMPRA
CENT.US,CENTRAL GARDEN & PET
CENTA.US,CENTRAL GARDEN & PET
CENX.US,CENTURY ALUMINUM
CERC.US,CERECOR
CERCW.US,CERECOR
CERCZ.US,CERECOR
CERE.US,CERES
CERN.US,CERNER
CERS.US,CERUS
CERU.US,CERULEAN PHARMA
CETC.US,HONGLI CLEAN ENERGY TECHNOLOGIES
CETV.US,CENTRAL EUROPEAN MEDIA ENTERPRISES
CETX.US,CEMTREX
CEVA.US,CEVA
CFA.US,VICTORY CEMP US 500 VOLATILITY WTD ETF
CFBK.US,CENTRAL FEDERAL
CFCB.US,CENTRUE FINANCIAL
CFFI.US,C&F FINANCIAL
CFFN.US,CAPITOL FEDERAL FINANCIAL
CFGE.US,CALAMOS FOCUS GROWTH ETF
CFMS.US,CONFORMIS
CFNB.US,CALIFORNIA FIRST NATIONAL BANCORP
CFNL.US,CARDINAL FINANCIAL
CFO.US,VICTORY CEMP US 500 ENHANCED VOLATILITY WTD ETF
CFRX.US,CONTRAFECT
CFRXW.US,CONTRAFECT
CG.US,THE CARLYLE GROUP
CGEN.US,COMPUGEN
CGIX.US,CANCER GENETICS
CGNT.US,COGENTIX MEDICAL
CGNX.US,COGNEX
CGO.US,CALAMOS GLOBAL TR FUND
CHCI.US,COMSTOCK HOLDING COS
CHCO.US,CITY HOLDING
CHDN.US,CHURCHILL DOWNS
CHEF.US,THE CHEFS&#39; WAREHOUSE
CHEK.US,CHECK CAP
CHEKW.US,CHECK-CAP
CHEV.US,CHEVIOT FINANCIAL
CHFC.US,CHEMICAL FINANCIAL
CHFN.US,CHARTER FINANCIAL
CHI.US,CALAMOS CONVERTIBLE OPPORTUNITIES AND INCOME FUND
CHKE.US,CHEROKEE
CHKP.US,CHECK POINT SOFTWARE TECHNOLOGIES
CHLN.US,CHINA HOUSING & LAND DEVELOPMENT
CHMA.US,CHIASMA
CHMG.US,CHEMUNG FINANCIAL
CHNR.US,CHINA NATURAL RESOURCES
CHOP.US,CHINA GERUI ADVANCED MATERIALS GROUP
CHRS.US,COHERUS BIOSCIENCES
CHRW.US,CH ROBINSON WORLDWIDE
CHSCL.US,CHS
CHSCM.US,CHS
CHSCN.US,CHS
CHSCO.US,CHS
CHSCP.US,CHS
CHTR.US,CHARTER COMMUNICATIONS
CHUY.US,CHUY'S HOLDINGS
CHW.US,CALAMOS GLOBAL DYNAMIC INCOME FUND
CHY.US,CALAMOS CONVERTIBLE AND HIGH INCOME FUND
CIBR.US,FIRST TRUST NASDAQ CEA CYBERSECURITY ETF
CID.US,VICTORY CEMP INT HIGH DIV VOLATILITY WTD ETF
CIDM.US,CINEDIGM
CIFC.US,CIFC
CIGI.US,COLLIERS INT GROUP
CIL.US,VICTORY CEMP INT VOLATILITY WTD ETF
CINF.US,CINCINNATI FINANCIAL
CISG.US,CNINSURE
CIVB.US,CIVISTA BANCSHARES
CIVBP.US,CIVISTA BANCSHARES
CIZ.US,VICTORY CEMP DEVELOPED ENHANCED VOLATILITY WTD ETF
CIZN.US,CITIZENS HOLDING
CJJD.US,CHINA JO-JO DRUGSTORES
CKEC.US,CARMIKE CINEMAS
CLAC.US,CAPITOL ACQUISITION III
CLACU.US,CAPITOL ACQUISITION III
CLACW.US,CAPITOL ACQUISITION III
CLBH.US,CAROLINA BANK HOLDINGS
CLBS.US,CALADRIUS BIOSCIENCES
CLCD.US,COLUCID PHARMACEUTICALS
CLCT.US,COLLECTORS UNIVERSE
CLDN.US,CELLADON
CLDX.US,CELLDEX THERAPEUTICS
CLFD.US,CLEARFIELD
CLIR.US,CLEARSIGN COMBUSTION
CLLS.US,CELLECTIS
CLMS.US,CALAMOS ASSET MANAGEMENT
CLMT.US,CALUMET SPECIALTY PRODUCTS PARTNERS
CLNE.US,CLEAN ENERGY FUELS
CLNT.US,CLEANTECH SOLUTIONS INT
CLRB.US,CELLECTAR BIOSCIENCES
CLRBW.US,CELLECTAR BIOSCIENCES
CLRO.US,CLEARONE
CLSN.US,CELSION
CLUB.US,TOWN SPORTS INT HOLDINGS
CLVS.US,CLOVIS ONCOLOGY
CLWT.US,EURO TECH HOLDINGS
CMCO.US,COLUMBUS MCKINNON
CMCSA.US,COMCAST
CMCSK.US,COMCAST
CMCT.US,CIM COMMERCIAL TRUST
CME.US,CME GROUP
CMFN.US,CM FINANCE
CMLS.US,CUMULUS MEDIA
CMPR.US,CIMPRESS
CMRX.US,CHIMERIX
CMTL.US,COMTECH TELECOMMUNICATIONS
CNAT.US,CONATUS PHARMACEUTICALS
CNBKA.US,CENTURY BANCORP
CNCE.US,CONCERT PHARMACEUTICALS
CNCR.US,LONCAR CANCER IMMUNOTHERAPY ETF
CNET.US,CHINANET ONLINE HOLDINGS
CNFR.US,CONIFER HOLDINGS
CNIT.US,CHINA INFORMATION TECHNOLOGY
CNLM.US,CB PHARMA ACQUISITION
CNLMR.US,CB PHARMA ACQUISITION
CNLMU.US,CB PHARMA ACQUISITION
CNLMW.US,CB PHARMA ACQUISITION
CNMD.US,CONMED
CNOB.US,CONNECTONE BANCORP
CNSL.US,CONSOLIDATED COMMUNICATIONS HOLDINGS
CNTF.US,CHINA TECHFAITH WIRELESS COMMUNICATION TECHNOLOGY
CNTY.US,CENTURY CASINOS
CNV.US,CNOVA
CNXR.US,CONNECTURE
CNYD.US,CHINA YIDA HOLDING
COB.US,COMMUNITYONE BANCORP
COBZ.US,COBIZ FINANCIAL
COHR.US,COHERENT
COHU.US,COHU
COKE.US,COCA-COLA BOTTLING CONSOLIDATED
COLB.US,COLUMBIA BANKING SYSTEM
COLL.US,COLLEGIUM PHARMACEUTICAL
COLM.US,COLUMBIA SPORTSWEAR
COMM.US,COMMSCOPE HOLDING
COMT.US,ISHARES COMMODITIES SELECT STRATEGY ETF
CONE.US,CYRUSONE
CONG.US,CONGATEC HOLDING
CONN.US,CONN'S
COOL.US,MAJESCO ENTERTAINMENT
CORE.US,CORE-MARK HOLDING
CORI.US,CORIUM INT
CORT.US,CORCEPT THERAPEUTICS
COSI.US,COSI
COST.US,COSTCO WHOLESALE
COVS.US,COVISINT
COWN.US,COWEN GROUP
COWNL.US,COWEN GROUP
COYN.US,COPSYNC
COYNW.US,COPSYNC
CPAH.US,COUNTERPATH
CPHC.US,CANTERBURY PARK HOLDING
CPHD.US,CEPHEID
CPHR.US,CIPHER PHARMACEUTICALS
CPIX.US,CUMBERLAND PHARMACEUTICALS
CPLA.US,CAPELLA EDUCATION
CPLP.US,CAPITAL PRODUCT PARTNERS
CPRT.US,COPART
CPRX.US,CATALYST PHARMACEUTICALS
CPSH.US,CPS TECHNOLOGIES
CPSI.US,COMPUTER PROGRAMS & SYSTEMS
CPSS.US,CONSUMER PORTFOLIO SERVICES
CPST.US,CAPSTONE TURBINE
CPTA.US,CAPITALA FINANCE
CPXX.US,CELATOR PHARMACEUTICALS
CRAI.US,CRA INT
CRAY.US,CRAY
CRBP.US,CORBUS PHARMACEUTICALS HOLDINGS
CRDC.US,CARDICA
CRDS.US,CROSSROADS SYSTEMS
CRDT.US,WISDOMTREE TRUST WISDOMTREE STRATEGIC CORPORATE BOND FUND
CREE.US,CREE
CREG.US,CHINA RECYCLING ENERGY
CRESY.US,CRESUD SACIF Y A
CRIS.US,CURIS
CRME.US,CARDIOME PHARMA
CRMT.US,AMERICA&#39;S CAR-MART
CRNT.US,CERAGON NETWORKS
CROX.US,CROCS
CRRSQ.US,CORPORATE RESOURCE SERVICES
CRTN.US,CARTESIAN
CRTO.US,CRITEO
CRUS.US,CIRRUS LOGIC
CRVL.US,CORVEL
CRWN.US,CROWN MEDIA HOLDINGS
CRWS.US,CROWN CRAFTS
CRZO.US,CARRIZO OIL & GAS
CSA.US,VICTORY CEMP US SMALL CAP VOLATILITY WTD ETF
CSAL.US,COMMUNICATIONS SALES & LEASING
CSB.US,VICTORY CEMP US SMALL CAP HIGH DIV VOLATILITY WTD ETF
CSBK.US,CLIFTON BANCORP
CSBR.US,CHAMPIONS ONCOLOGY
CSCD.US,CASCADE MICROTECH
CSCO.US,CISCO SYSTEMS
CSF.US,VICTORY CEMP US DISCOVERY ENHANCED VOLATILITY WTD ETF
CSFL.US,CENTERSTATE BANKS
CSGP.US,COSTAR GROUP
CSGS.US,CSG SYSTEMS INT
CSII.US,CARDIOVASCULAR SYSTEMS
CSIQ.US,CANADIAN SOLAR
CSOD.US,CORNERSTONE ONDEMAND
CSPI.US,CSP
CSQ.US,CALAMOS STRATEGIC TR FUND
CSTE.US,CAESARSTONE SDOT-YAM
CSUN.US,CHINA SUNERGY
CSWC.US,CAPITAL SOUTHWEST
CSWI.US,CSW INDUSTRIALS
CTAS.US,CINTAS
CTBI.US,COMMUNITY TRUST BANCORP
CTCM.US,CTC MEDIA
CTCT.US,CONSTANT CONTACT
CTG.US,COMPUTER TASK GROUP
CTHR.US,CHARLES & COLVARD
CTIB.US,CTI INDUSTRIES
CTIC.US,CTI BIOPHARMA
CTMX.US,CYTOMX THERAPEUTICS
CTRE.US,CARETRUST REIT
CTRL.US,CONTROL4
CTRN.US,CITI TRENDS
CTRP.US,CTRIP.COM INT
CTRV.US,CONTRAVIR PHARMACEUTICALS
CTSH.US,COGNIZANT TECHNOLOGY SOLUTIONS
CTSO.US,CYTOSORBENTS
CTWS.US,CONNECTICUT WATER SERVICE
CTXS.US,CITRIX SYSTEMS
CU.US,FIRST TRUST ISE GLOBAL COPPER INDEX FUND
CUBA.US,THE HERZFELD CARIBBEAN BASIN FUND
CUBN.US,COMMERCE UNION BANCSHARES
CUI.US,CUI GLOBAL
CUNB.US,CU BANCORP
CUR.US,NEURALSTEM
CUTR.US,CUTERA
CVBF.US,CVB FINANCIAL
CVCO.US,CAVCO INDUSTRIES
CVCY.US,CENTRAL VALLEY COMMUNITY BANCORP
CVGI.US,COMMERCIAL VEHICLE GROUP
CVGW.US,CALAVO GROWERS
CVLT.US,COMMVAULT SYSTEMS
CVLY.US,CODORUS VALLEY BANCORP
CVTI.US,COVENANT TRANSPORTATION GROUP
CVV.US,CVD EQUIPMENT
CWAY.US,COASTWAY BANCORP
CWBC.US,COMMUNITY WEST BANCSHARES
CWCO.US,CONSOLIDATED WATER
CWST.US,CASELLA WASTE SYSTEMS
CXDC.US,CHINA XD PLASTICS
CXRX.US,CONCORDIA HEALTHCARE
CXSE.US,WISDOMTREE TRUST WISDOMTREE CHINA EX-STATE-OWNED ENTERPRISES
CY.US,CYPRESS SEMICONDUCTOR
CYAD.US,CELYAD
CYAN.US,CYANOTECH
CYBE.US,CYBEROPTICS
CYBR.US,CYBERARK SOFTWARE
CYCC.US,CYCLACEL PHARMACEUTICALS
CYCCP.US,CYCLACEL PHARMACEUTICALS
CYHHZ.US,COMMUNITY HEALTH SYSTEMS
CYNA.US,CYNAPSUS THERAPEUTICS
CYNO.US,CYNOSURE
CYOU.US,CHANGYOU.COM
CYRN.US,CYREN
CYRX.US,CRYOPORT
CYRXW.US,CRYOPORT
CYTK.US,CYTOKINETICS
CYTR.US,CYTRX
CYTX.US,CYTORI THERAPEUTICS
CZFC.US,CITIZENS FIRST
CZNC.US,CITIZENS & NORTHERN
CZR.US,CAESARS ENTERTAINMENT
CZWI.US,CITIZENS COMMUNITY BANCORP
DAIO.US,DATA I/O
DAKT.US,DAKTRONICS
DARA.US,DARA BIOSCIENCES
DATE.US,JIAYUAN.COM INT
DAVE.US,FAMOUS DAVE'S OF AMERICA
DAX.US,RECON CAPITAL DAX GERMANY ETF
DBVT.US,DBV TECHNOLOGIES
DCIX.US,DIANA CONTAINERSHIPS
DCOM.US,DIME COMMUNITY BANCSHARES
DCTH.US,DELCATH SYSTEMS
DELT.US,DELTA TECHNOLOGY HOLDINGS
DELTW.US,DELTA TECHNOLOGY HOLDINGS
DENN.US,DENNY'S
DEPO.US,DEPOMED
DERM.US,DERMIRA
DEST.US,DESTINATION MATERNITY
DFRG.US,DEL FRISCO'S RESTAURANT GROUP
DFVL.US,IPATH US TREASURY 5Y BULL ETN
DFVS.US,US TRSY 5Y BEAR ETN IPATH
DGAS.US,DELTA NATURAL GAS
DGICA.US,DONEGAL GROUP
DGICB.US,DONEGAL GROUP
DGII.US,DIGI INT
DGLD.US,VELOCITYSHARES 3X INVERSE GOLD ETN LINKED TO S&P GSCI GOLD
DGLY.US,DIGITAL ALLY
DGRE.US,WISDOMTREE EMERGING MARKETS QUALITY DIVIDEND GROWTH FUND
DGRS.US,WISDOMTREE US SMALLCAP QUALITY DIVIDEND GROWTH FUND
DGRW.US,WISDOMTREE US QUALITY DIVIDEND GROWTH FUND
DHIL.US,DIAMOND HILL INVESTMENT GROUP
DHRM.US,DEHAIER MEDICAL SYSTEMS
DHXM.US,DHX MEDIA
DIOD.US,DIODES
DISCA.US,DISCOVERY COMMUNICATIONS
DISCB.US,DISCOVERY COMMUNICATIONS
DISCK.US,DISCOVERY COMMUNICATIONS
DISH.US,DISH NETWORK
DJCO.US,DAILY JOURNAL
DLBL.US,US TRSY LONG BOND BULL ETN IPATH
DLBS.US,IPATH US TREASURY LONG BOND BEAR ETN
DLHC.US,DLH HOLDINGS
DLTH.US,DULUTH HOLDINGS
DLTR.US,DOLLAR TREE
DMLP.US,DORCHESTER MINERALS
DMND.US,DIAMOND FOODS
DMRC.US,DIGIMARC
DMTX.US,DIMENSION THERAPEUTICS
DNAI.US,PRONAI THERAPEUTICS
DNBF.US,DNB FINANCIAL
DNKN.US,DUNKIN' BRANDS GROUP
DORM.US,DORMAN PRODUCTS
DOX.US,AMDOCS
DPRX.US,DIPEXIUM PHARMACEUTICALS
DRAD.US,DIGIRAD
DRAM.US,DATARAM
DRNA.US,DICERNA PHARMACEUTICALS
DRRX.US,DURECT
DRWI.US,DRAGONWAVE
DRWIW.US,DRAGONWAVE
DRYS.US,DRYSHIPS
DSCI.US,DERMA SCIENCES
DSCO.US,DISCOVERY LABORATORIES
DSGX.US,THE DESCARTES SYSTEMS GROUP
DSKX.US,DS HEALTHCARE GROUP
DSKY.US,IDREAMSKY TECHNOLOGY
DSLV.US,VELOCITYSHARES 3X INVERSE SILVER ETN LINKED TO S&P GSCI SILVER
DSPG.US,DSP GROUP
DSWL.US,DESWELL INDUSTRIES
DTEA.US,DAVIDSTEA
DTLK.US,DATALINK
DTRM.US,DETERMINE
DTSI.US,DTS
DTUL.US,IPATH US TREASURY 2Y BULL ETN
DTUS.US,IPATH US TREASURY 2Y BEAR ETN
DTYL.US,IPATH US TREASURY 10Y BULL ETN
DTYS.US,IPATH US TREASURY 10Y BEAR ETN
DVAX.US,DYNAVAX TECHNOLOGIES
DVCR.US,DIVERSICARE HEALTHCARE SERVICES
DWA.US,DREAMWORKS ANIMATION SKG
DWAT.US,ARROW DWA TACTICAL ETF
DWCH.US,DATAWATCH
DWSN.US,DAWSON GEOPHYSICAL
DWTR.US,POWERSHARES DWA TACTICAL SECTOR ROTATION PORTFOLIO
DXCM.US,DEXCOM
DXGE.US,WISDOMTREE GERMANY HEDGED EQUITY FUND
DXJS.US,WISDOMTREE JAPAN HEDGED SMALLCAP EQUITY FUND
DXKW.US,WISDOMTREE KOREA HEDGED EQUITY FUND
DXLG.US,DESTINATION XL GROUP
DXM.US,DEX MEDIA
DXPE.US,DXP ENTERPRISES
DXPS.US,WISDOMTREE UNITED KINGDOM HEDGED EQUITY FUND
DXYN.US,THE DIXIE GROUP
DYAX.US,DYAX
DYNT.US,DYNATRONICS
DYSL.US,DYNASIL OF AMERICA
EA.US,ELECTRONIC ARTS
EAC.US,ERICKSON
EACQ.US,EASTERLY ACQUISITION
EACQU.US,EASTERLY ACQUISITION
EACQW.US,EASTERLY ACQUISITION
EAGL.US,DOUBLE EAGLE ACQUISITION
EAGLU.US,DOUBLE EAGLE ACQUISITION
EAGLW.US,DOUBLE EAGLE ACQUISITION
EARS.US,AURIS MEDICAL HOLDING
EBAY.US,EBAY
EBIO.US,ELEVEN BIOTHERAPEUTICS
EBIX.US,EBIX
EBMT.US,EAGLE BANCORP MONTANA
EBSB.US,MERIDIAN BANCORP
EBTC.US,ENTERPRISE BANCORP
ECAC.US,E-COMPASS ACQUISITION
ECACR.US,E-COMPASS ACQUISITION
ECACU.US,E-COMPASS ACQUISITION
ECHO.US,ECHO GLOBAL LOGISTICS
ECOL.US,US ECOLOGY
ECPG.US,ENCORE CAPITAL GROUP
ECTE.US,ECHO THERAPEUTICS
ECYT.US,ENDOCYTE
EDAP.US,EDAP TMS
EDGE.US,EDGE THERAPEUTICS
EDGW.US,EDGEWATER TECHNOLOGY
EDUC.US,EDUCATIONAL DEVELOPMENT
EEFT.US,EURONET WORLDWIDE
EEI.US,ECOLOGY AND ENVIRONMENT
EEMA.US,ISHARES MSCI EMERGING MARKETS ASIA ETF
EEML.US,ISHARES MSCI EMERGING MARKETS LATIN AMERICA ETF
EFII.US,ELECTRONICS FOR IMAGING
EFOI.US,ENERGY FOCUS
EFSC.US,ENTERPRISE FINANCIAL SERVICES
EFUT.US,E-FUTURE INFORMATION TECHNOLOGY
EGAN.US,EGAIN
EGBN.US,EAGLE BANCORP
EGHT.US,8X8
EGLE.US,EAGLE BULK SHIPPING
EGLT.US,EGALET
EGOV.US,NIC
EGRX.US,EAGLE PHARMACEUTICALS
EGT.US,ENTERTAINMENT GAMING ASIA
EHTH.US,EHEALTH
EIGI.US,ENDURANCE INT GROUP HOLDINGS
ELEC.US,ELECTRUM SPECIAL ACQUISITION
ELECU.US,ELECTRUM SPECIAL ACQUISITION
ELECW.US,ELECTRUM SPECIAL ACQUISITION
ELGX.US,ENDOLOGIX
ELNK.US,EARTHLINK HOLDINGS
ELON.US,ECHELON
ELOS.US,SYNERON MEDICAL
ELRC.US,ELECTRO RENT
ELSE.US,ELECTRO-SENSORS
ELTK.US,ELTEK
EMCB.US,WISDOMTREE EMERGING MARKETS CORPORATE BOND FUND
EMCF.US,EMCLAIRE FINANCIAL
EMCG.US,WISDOMTREE EMERGING MARKETS CONSUMER GROWTH FUND
EMCI.US,EMC INSURANCE GROUP
EMIF.US,ISHARES EMERGING MARKETS INFRASTRUCTURE ETF
EMITF.US,ELBIT IMAGING
EMKR.US,EMCORE
EML.US,EASTERN COMPANY
EMMS.US,EMMIS COMMUNICATIONS
EMMSP.US,EMMIS COMMUNICATIONS
ENDP.US,ENDO INT
ENFC.US,ENTEGRA FINANCIAL
ENG.US,ENGLOBAL
ENOC.US,ENERNOC
ENPH.US,ENPHASE ENERGY
ENSG.US,THE ENSIGN GROUP
ENT.US,GLOBAL EAGLE ENTERTAINMENT
ENTA.US,ENANTA PHARMACEUTICALS
ENTG.US,ENTEGRIS
ENTL.US,ENTELLUS MEDICAL
ENZN.US,ENZON PHARMACEUTICALS
ENZY.US,ENZYMOTEC
EPAY.US,BOTTOMLINE TECHNOLOGIES DE
EPIQ.US,EPIQ SYSTEMS
EPIX.US,ESSA PHARMA
EPRS.US,EPIRUS BIOPHARMACEUTICALS
EPZM.US,EPIZYME
EQBK.US,EQUITY BANCSHARES
EQFN.US,EQUITABLE FINANCIAL
EQIX.US,EQUINIX
ERI.US,ELDORADO RESORTS
ERIC.US,TELEFONAKTIEBOLAGET LM ERICSSON
ERIE.US,ERIE INDEMNITY
ERII.US,ENERGY RECOVERY
ERS.US,EMPIRE RESOURCES
ERW.US,JANUS EQUAL RISK WEIGHTED LARGE CAP ETF
ESBK.US,ELMIRA SAVINGS BANK
ESCA.US,ESCALADE
ESCRQ.US,ESCALERA RESOURCES
ESCSQ.US,ESCALERA RESOURCES
ESEA.US,EUROSEAS
ESES.US,ECO-STIM ENERGY SOLUTIONS
ESGR.US,ENSTAR GROUP
ESIO.US,ELECTRO SCIENTIFIC INDUSTRIES
ESLT.US,ELBIT SYSTEMS
ESMC.US,ESCALON MEDICAL
ESND.US,ESSENDANT
ESPR.US,ESPERION THERAPEUTICS
ESRX.US,EXPRESS SCRIPTS HOLDING
ESSA.US,ESSA BANCORP
ESSF.US,ETRE REIT
ESSX.US,ESSEX RENTAL
ESXB.US,COMMUNITY BANKERS TRUST
ETFC.US,E*TRADE FINANCIAL
ETRM.US,ENTEROMEDICS
ETSY.US,ETSY
EUFN.US,ISHARES MSCI EUROPE FINANCIALS ETF
EVAR.US,LOMBARD MEDICAL
EVBS.US,EASTERN VIRGINIA BANKSHARES
EVEP.US,EV ENERGY PARTNERS
EVK.US,EVER-GLORY INT GROUP
EVLV.US,EVINE LIVE
EVOK.US,EVOKE PHARMA
EVOL.US,EVOLVING SYSTEMS
EWBC.US,EAST WEST BANCORP
EXA.US,EXA
EXAC.US,EXACTECH
EXAS.US,EXACT SCIENCES
EXEL.US,EXELIXIS
EXFO.US,EXFO
EXLS.US,EXLSERVICE HOLDINGS
EXPD.US,EXPEDITORS INT OF WASHINGTON
EXPE.US,EXPEDIA
EXPO.US,EXPONENT
EXTR.US,EXTREME NETWORKS
EXXI.US,ENERGY XXI
EYEG.US,EYEGATE PHARMACEUTICALS
EYEGW.US,EYEGATE PHARMACEUTICALS
EYES.US,SECOND SIGHT MEDICAL PRODUCTS
EZCH.US,EZCHIP SEMICONDUCTOR
EZPW.US,EZCORP
FALC.US,FALCONSTOR SOFTWARE
FANG.US,DIAMONDBACK ENERGY
FARM.US,FARMER BROTHERS
FARO.US,FARO TECHNOLOGIES
FAST.US,FASTENAL
FATE.US,FATE THERAPEUTICS
FB.US,FACEBOOK
FBIO.US,FORTRESS BIOTECH
FBIZ.US,FIRST BUSINESS FINANCIAL SERVICES
FBMS.US,THE FIRST BANCSHARES
FBNC.US,FIRST BANCORP
FBNK.US,FIRST CONNECTICUT BANCORP
FBRC.US,FBR
FBSS.US,FAUQUIER BANKSHARES
FCAP.US,FIRST CAPITAL
FCBC.US,FIRST COMMUNITY BANCSHARES
FCCO.US,FIRST COMMUNITY
FCCY.US,1ST CONSTITUTION BANCORP
FCEL.US,FUELCELL ENERGY
FCFP.US,FIRST COMMUNITY FINANCIAL PARTNERS
FCFS.US,FIRST CASH FINANCIAL SERVICES
FCLF.US,FIRST CLOVER LEAF FINANCIAL
FCNCA.US,FIRST CITIZENS BANCSHARES
FCS.US,FAIRCHILD SEMICONDUCTOR INT
FCSC.US,FIBROCELL SCIENCE
FCTY.US,1ST CENTURY BANCSHARES
FCVA.US,FIRST CAPITAL BANCORP
FCVT.US,FIRST TRUST EXCHANGE TRADED FUND IV SSI STRATEGIC CONVERTIBLE
FDEF.US,FIRST DEFIANCE FINANCIAL
FDIV.US,FIRST TRUST STRATEGIC INCOME ETF
FDML.US,FEDERAL-MOGUL HOLDINGS
FDUS.US,FIDUS INVESTMENT
FEIC.US,FEI
FEIM.US,FREQUENCY ELECTRONICS
FELE.US,FRANKLIN ELECTRIC
FEMB.US,FIRST TRUST EMERGING MARKETS LOCAL CURRENCY BOND ETF
FENX.US,FENIX PARTS
FES.US,FORBES ENERGY SERVICES
FEUZ.US,FIRST TRUST EUROZONE ALPHADEX FUND
FEYE.US,FIREEYE
FFBC.US,FIRST FINANCIAL BANCORP
FFBCW.US,FIRST FINANCIAL BANCORP.
FFHL.US,FUWEI FILMS HOLDINGS
FFIC.US,FLUSHING FINANCIAL
FFIN.US,FIRST FINANCIAL BANKSHARES
FFIV.US,F5 NETWORKS
FFKT.US,FARMERS CAPITAL BANK
FFNM.US,FIRST FEDERAL OF NORTHERN MICHIGAN BANCORP
FFNW.US,FIRST FINANCIAL NORTHWEST
FFWM.US,FIRST FOUNDATION
FGBI.US,FIRST GUARANTY BANCSHARES
FGEN.US,FIBROGEN
FHCO.US,FEMALE HEALTH COMPANY
FIBK.US,FIRST INTERSTATE BANCSYSTEM
FINL.US,THE FINISH LINE
FISI.US,FINANCIAL INSTITUTIONS
FISV.US,FISERV
FITB.US,FIFTH THIRD BANCORP
FITBI.US,FIFTH THIRD BANCORP
FIVE.US,FIVE BELOW
FIVN.US,FIVE9
FIZZ.US,NATIONAL BEVERAGE
FLAT.US,IPATH US TREASURY FLATTENER ETN
FLDM.US,FLUIDIGM
FLEX.US,FLEXTRONICS INT
FLIC.US,THE FIRST OF LONG ISLAND
FLIR.US,FLIR SYSTEMS
FLKS.US,FLEX PHARMA
FLL.US,FULL HOUSE RESORTS
FLML.US,FLAMEL TECHNOLOGIES
FLWS.US,1-800-FLOWERS.COM
FLXN.US,FLEXION THERAPEUTICS
FLXS.US,FLEXSTEEL INDUSTRIES
FMB.US,FIRST TRUST MANAGED MUNICIPAL ETF
FMBH.US,FIRST MID-ILLINOIS BANCSHARES
FMBI.US,FIRST MIDWEST BANCORP
FMER.US,FIRSTMERIT
FMI.US,FOUNDATION MEDICINE
FMNB.US,FARMERS NATIONAL BANC
FNBC.US,FIRST NBC BANK HOLDING
FNFG.US,FIRST NIAGARA FINANCIAL GROUP
FNGN.US,FINANCIAL ENGINES
FNHC.US,FEDERATED NATIONAL HOLDING
FNJN.US,FINJAN HOLDINGS
FNLC.US,FIRST BANCORP
FNRG.US,FORCEFIELD ENERGY
FNSR.US,FINISAR
FNTC.US,FINTECH ACQUISITION
FNTCU.US,FINTECH ACQUISITION
FNTCW.US,FINTECH ACQUISITION
FNWB.US,FIRST NORTHWEST BANCORP
FOGO.US,FOGO DE CHAO
FOLD.US,AMICUS THERAPEUTICS
FOMX.US,FOAMIX PHARMACEUTICALS
FONE.US,FIRST TRUST NASDAQ CEA SMARTPHONE INDEX FUND
FONR.US,FONAR
FORD.US,FORWARD INDUSTRIES
FORK.US,FULING GLOBAL
FORM.US,FORMFACTOR
FORR.US,FORRESTER RESEARCH
FORTY.US,FORMULA SYSTEMS 1985
FOSL.US,FOSSIL GROUP
FOX.US,TWENTY-FIRST CENTURY FOX
FOXA.US,TWENTY-FIRST CENTURY FOX
FOXF.US,FOX FACTORY HOLDING
FPRX.US,FIVE PRIME THERAPEUTICS
FPXI.US,FIRST TRUST INT IPO FUND
FRAN.US,FRANCESCA'S HOLDINGS
FRBA.US,FIRST BANK
FRBK.US,REPUBLIC FIRST BANCORP
FRED.US,FRED'S
FREE.US,FREESEAS
FRGI.US,FIESTA RESTAURANT GROUP
FRME.US,FIRST MERCHANTS
FRP.US,FAIRPOINT COMMUNICATIONS
FRPH.US,FRP HOLDINGS
FRPT.US,FRESHPET
FRSH.US,PAPA MURPHY'S HOLDINGS
FSAM.US,FIFTH STREET ASSET MANAGEMENT
FSBK.US,FIRST SOUTH BANCORP
FSBW.US,FS BANCORP
FSC.US,FIFTH STREET FINANCE
FSCFL.US,FIFTH STREET FINANCE
FSFG.US,FIRST SAVINGS FINANCIAL GROUP
FSFR.US,FIFTH STREET SENIOR FLOATING RATE
FSLR.US,FIRST SOLAR
FSNN.US,FUSION TELECOMMUNICATIONS INT
FSTR.US,LB FOSTER
FSV.US,FIRSTSERVICE
FSYS.US,FUEL SYSTEMS SOLUTIONS
FTCS.US,FIRST TRUST CAPITAL STRENGTH ETF
FTD.US,FTD COS
FTEK.US,FUEL TECH
FTGC.US,FIRST TRUST GLOBAL TACTICAL COMMODITY STRATEGY FUND
FTHI.US,FIRST TRUST HIGH INCOME ETF
FTLB.US,FIRST TRUST LOW BETA INCOME ETF
FTNT.US,FORTINET
FTR.US,FRONTIER COMMUNICATIONS
FTRPR.US,FRONTIER COMMUNICATIONS
FTSL.US,FIRST TRUST SENIOR LOAN ETF
FTSM.US,FIRST TRUST ENHANCED SHORT MATURITY ETF
FUEL.US,ROCKET FUEL
FULL.US,FULL CIRCLE CAPITAL
FULLL.US,FULL CIRCLE CAPITAL
FULT.US,FULTON FINANCIAL
FUNC.US,FIRST UNITED
FUND.US,SPROTT FOCUS TRUST
FV.US,FIRST TRUST DORSEY WRIGHT FOCUS 5 ETF
FWM.US,FAIRWAY GROUP HOLDINGS
FWP.US,FORWARD PHARMA A/S
FWRD.US,FORWARD AIR
FXCB.US,FOX CHASE BANCORP
FXEN.US,FX ENERGY
FXENP.US,FX ENERGY
GABC.US,GERMAN AMERICAN BANCORP
GAI.US,GLOBAL-TECH ADVANCED INNOVATIONS
GAIA.US,GAIAM
GAIN.US,GLADSTONE INVESTMENT
GAINN.US,GLADSTONE INVESTMENT
GAINO.US,GLADSTONE INVESTMENT
GAINP.US,GLADSTONE INVESTMENT
GALE.US,GALENA BIOPHARMA
GALT.US,GALECTIN THERAPEUTICS
GALTU.US,GALECTIN THERAPEUTICS
GALTW.US,GALECTIN THERAPEUTICS
GAME.US,SHANDA GAMES
GARS.US,GARRISON CAPITAL
GASS.US,STEALTHGAS
GBCI.US,GLACIER BANCORP
GBDC.US,GOLUB CAPITAL BDC
GBIM.US,GLOBEIMMUNE
GBLI.US,GLOBAL INDEMNITY
GBLIZ.US,GLOBAL INDEMNITY
GBNK.US,GUARANTY BANCORP
GBSN.US,GREAT BASIN SCIENTIFIC
GBT.US,GLOBAL BLOOD THERAPEUTICS
GCBC.US,GREENE COUNTY BANCORP
GCVRZ.US,SANOFI
GDEN.US,GOLDEN ENTERTAINMENT
GENC.US,GENCOR INDUSTRIES
GENE.US,GENETIC TECHNOLOGIES
GEOS.US,GEOSPACE TECHNOLOGIES
GERN.US,GERON
GEVO.US,GEVO
GFED.US,GUARANTY FEDERAL BANCSHARES
GFN.US,GENERAL FINANCE
GFNCP.US,GENERAL FINANCE
GFNSL.US,GENERAL FINANCE
GGAC.US,GARNERO GROUP ACQUISITION
GGACR.US,GARNERO GROUP ACQUISITION
GGACU.US,GARNERO GROUP ACQUISITION COMPANY
GGACW.US,GARNERO GROUP ACQUISITION
GGAL.US,GRUPO FINANCIERO GALICIA
GHDX.US,GENOMIC HEALTH
GIFI.US,GULF ISLAND FABRICATION
GIGA.US,GIGA-TRONICS
GIGM.US,GIGAMEDIA
GIII.US,G-III APPAREL GROUP
GILD.US,GILEAD SCIENCES
GILT.US,GILAT SATELLITE NETWORKS
GK.US,G&K SERVICES
GLAD.US,GLADSTONE CAPITAL
GLADO.US,GLADSTONE CAPITAL
GLBL.US,TERRAFORM GLOBAL
GLBS.US,GLOBUS MARITIME
GLBZ.US,GLEN BURNIE BANCORP
GLDC.US,GOLDEN ENTERPRISES
GLDD.US,GREAT LAKES DREDGE & DOCK
GLDI.US,CREDIT SUISSE X-LINKS GOLD SHARES COVERED CALL ETN
GLMD.US,GALMED PHARMACEUTICALS
GLNG.US,GOLAR LNG
GLPG.US,GALAPAGOS
GLPI.US,GAMING AND LEISURE PROPERTIES
GLRE.US,GREENLIGHT CAPITAL RE
GLRI.US,GLORI ENERGY
GLSS.US,GELESIS
GLUU.US,GLU MOBILE
GLYC.US,GLYCOMIMETICS
GMAN.US,GORDMANS STORES
GMCR.US,KEURIG GREEN MOUNTAIN
GMLP.US,GOLAR LNG PARTNERS
GNBC.US,GREEN BANCORP
GNCA.US,GENOCEA BIOSCIENCES
GNCMA.US,GENERAL COMMUNICATION
GNMA.US,ISHARES GNMA BOND ETF
GNMK.US,GENMARK DIAGNOSTICS
GNOW.US,AMERICAN CARESOURCE HOLDINGS
GNST.US,GENSIGHT BIOLOGICS
GNTX.US,GENTEX
GNVC.US,GENVEC
GOGL.US,GOLDEN OCEAN GROUP
GOGO.US,GOGO
GOLD.US,RANDGOLD RESOURCES
GOMO.US,SUNGY MOBILE
GOOD.US,GLADSTONE COMMERCIAL
GOODN.US,GLADSTONE COMMERCIAL
GOODO.US,GLADSTONE COMMERCIAL
GOODP.US,GLADSTONE COMMERCIAL
GOOG.US,ALPHABET
GOOGL.US,ALPHABET
GPAC.US,GLOBAL PARTNER ACQUISITION
GPACU.US,GLOBAL PARTNER ACQUISITION
GPACW.US,GLOBAL PARTNER ACQUISITION
GPIA.US,GP INVESTMENTS ACQUISITION
GPIAU.US,GP INVESTMENTS ACQUISITION
GPIAW.US,GP INVESTMENTS ACQUISITION
GPIC.US,GAMING PARTNERS INT
GPOR.US,GULFPORT ENERGY
GPP.US,GREEN PLAINS PARTNERS
GPRE.US,GREEN PLAINS
GPRO.US,GOPRO
GRBK.US,GREEN BRICK PARTNERS
GRFS.US,GRIFOLS
GRID.US,FIRST TRUST NASDAQ CLEAN EDGE SMART GRID INFRASTRUCTURE INDEX
GRIF.US,GRIFFIN INDUSTRIAL REALTY
GRMN.US,GARMIN
GROW.US,US GLOBAL INVESTORS
GRPN.US,GROUPON
GRSH.US,GORES HOLDINGS
GRSHU.US,GORES HOLDINGS
GRSHW.US,GORES HOLDINGS
GRVY.US,GRAVITY
GSBC.US,GREAT SOUTHERN BANCORP
GSIG.US,GSI GROUP
GSIT.US,GSI TECHNOLOGY
GSM.US,GLOBE SPECIALTY METALS
GSOL.US,GLOBAL SOURCES
GSVC.US,GSV CAPITAL
GT.US,THE GOODYEAR TIRE & RUBBER COMPANY
GTIM.US,GOOD TIMES RESTAURANTS
GTLS.US,CHART INDUSTRIES
GTWN.US,GEORGETOWN BANCORP
GTXI.US,GTX
GUID.US,GUIDANCE SOFTWARE
GULF.US,WISDOMTREE MIDDLE EAST DIVIDEND FUND
GULTU.US,GULF COAST ULTRA DEEP ROYALTY TRUST
GURE.US,GULF RESOURCES
GWGH.US,GWG HOLDINGS
GWPH.US,GW PHARMACEUTICALS
GYRO.US,GYRODYNE
HA.US,HAWAIIAN HOLDINGS
HABT.US,THE HABIT RESTAURANTS
HAFC.US,HANMI FINANCIAL
HAIN.US,THE HAIN CELESTIAL GROUP
HALL.US,HALLMARK FINANCIAL SERVICES
HALO.US,HALOZYME THERAPEUTICS
HART.US,HARVARD APPARATUS REGENERATIVE TECHNOLOGY
HAS.US,HASBRO
HAWK.US,BLACKHAWK NETWORK HOLDINGS
HAYN.US,HAYNES INT
HBAN.US,HUNTINGTON BANCSHARES INCORPORATED
HBANP.US,HUNTINGTON BANCSHARES INCORPORATED
HBCP.US,HOME BANCORP
HBHC.US,HANCOCK HOLDING
HBHCL.US,HANCOCK HOLDING COMPANY
HBIO.US,HARVARD BIOSCIENCE
HBK.US,HAMILTON BANCORP
HBMD.US,HOWARD BANCORP
HBNC.US,HORIZON BANCORP
HBP.US,HUTTIG BUILDING PRODUCTS
HCAC.US,HENNESSY CAPITAL ACQUISITION II
HCACU.US,HENNESSY CAPITAL ACQUISITION II
HCACW.US,HENNESSY CAPITAL ACQUISITION II
HCAP.US,HARVEST CAPITAL CREDIT
HCAPL.US,HARVEST CAPITAL CREDIT
HCCI.US,HERITAGE-CRYSTAL CLEAN
HCKT.US,THE HACKETT GROUP
HCOM.US,HAWAIIAN TELCOM HOLDCO
HCSG.US,HEALTHCARE SERVICES GROUP
HDNG.US,HARDINGE
HDP.US,HORTONWORKS
HDRA.US,HYDRA INDUSTRIES ACQUISITION
HDRAR.US,HYDRA INDUSTRIES ACQUISITION
HDRAU.US,HYDRA INDUSTRIES ACQUISITION
HDRAW.US,HYDRA INDUSTRIES ACQUISITION
HDS.US,HD SUPPLY HOLDINGS
HDSN.US,HUDSON TECHNOLOGIES
HEAR.US,TURTLE BEACH
HEES.US,H&E EQUIPMENT SERVICES
HELE.US,HELEN OF TROY
HEOP.US,HERITAGE OAKS BANCORP
HFBC.US,HOPFED BANCORP
HFBL.US,HOME FEDERAL BANCORP, OF LOUISIANA
HFFC.US,HF FINANCIAL
HFWA.US,HERITAGE FINANCIAL
HGSH.US,CHINA HGS REAL ESTATE
HIBB.US,HIBBETT SPORTS
HIFS.US,HINGHAM INSTITUTION FOR SAVINGS
HIHO.US,HIGHWAY HOLDINGS
HIIQ.US,HEALTH INSURANCE INNOVATIONS
HIMX.US,HIMAX TECHNOLOGIES
HKTV.US,HONG KONG TELEVISION NETWORK
HLG.US,HAILIANG EDUCATION GROUP
HLIT.US,HARMONIC
HMHC.US,HOUGHTON MIFFLIN HARCOURT
HMIN.US,HOMEINNS HOTEL GROUP
HMNF.US,HMN FINANCIAL
HMNY.US,HELIOS & MATHESON ANALYTICS
HMPR.US,HAMPTON ROADS BANKSHARES
HMST.US,HOMESTREET
HMSY.US,HMS HOLDINGS
HMTV.US,HEMISPHERE MEDIA GROUP
HNH.US,HANDY & HARMAN
HNNA.US,HENNESSY ADVISORS
HNRG.US,HALLADOR ENERGY
HNSN.US,HANSEN MEDICAL
HOFT.US,HOOKER FURNITURE
HOLI.US,HOLLYSYS AUTOMATION TECHNOLOGIES
HOLX.US,HOLOGIC
HOMB.US,HOME BANCSHARES
HOTR.US,CHANTICLEER HOLDINGS
HOTRW.US,CHANTICLEER HOLDINGS
HOVNP.US,HOVNANIAN ENTERPRISES
HPJ.US,HIGHPOWER INT
HQCL.US,HANWHA Q CELLS
HQY.US,HEALTHEQUITY
HRMN.US,HARMONY MERGER
HRMNU.US,HARMONY MERGER
HRMNW.US,HARMONY MERGER
HRTX.US,HERON THERAPEUTICS
HRZN.US,HORIZON TECHNOLOGY FINANCE
HSGX.US,HISTOGENICS
HSIC.US,HENRY SCHEIN
HSII.US,HEIDRICK & STRUGGLES INT
HSKA.US,HESKA
HSNI.US,HSN
HSON.US,HUDSON GLOBAL
HSTM.US,HEALTHSTREAM
HTBI.US,HOMETRUST BANCSHARES
HTBK.US,HERITAGE COMMERCE
HTBX.US,HEAT BIOLOGICS
HTCH.US,HUTCHINSON TECHNOLOGY
HTGM.US,HTG MOLECULAR DIAGNOSTICS
HTHT.US,CHINA LODGING GROUP
HTLD.US,HEARTLAND EXPRESS
HTLF.US,HEARTLAND FINANCIAL USA
HTWR.US,HEARTWARE INT
HUBG.US,HUB GROUP
HURC.US,HURCO COS
HURN.US,HURON CONSULTING GROUP
HWAY.US,HEALTHWAYS
HWBK.US,HAWTHORN BANCSHARES
HWCC.US,HOUSTON WIRE & CABLE
HWKN.US,HAWKINS
HYGS.US,HYDROGENICS
HYLS.US,FIRST TRUST EXCHANGE-TRADED FUND IV FIRST TRUST TACTICAL HIGH
HYND.US,WISDOMTREE BOFA MERRILL LYNCH HIGH YIELD BOND NEGATIVE DURATION
HYZD.US,WISDOMTREE BOFA MERRILL LYNCH HIGH YIELD BOND ZERO DURATION FUND
HZNP.US,HORIZON PHARMA
IACI.US,IAC/INTERACTIVECORP
IART.US,INTEGRA LIFESCIENCES HOLDINGS
IBB.US,ISHARES NASDAQ BIOTECHNOLOGY ETF
IBCP.US,INDEPENDENT BANK
IBKC.US,IBERIABANK
IBKCP.US,IBERIABANK
IBKR.US,INTERACTIVE BROKERS GROUP
IBOC.US,INT BANCSHARES
IBTX.US,INDEPENDENT BANK GROUP
ICAD.US,ICAD
ICBK.US,COUNTY BANCORP
ICCC.US,IMMUCELL
ICFI.US,ICF INT
ICLD.US,INTERCLOUD SYSTEMS
ICLDW.US,INTERCLOUD SYSTEMS
ICLN.US,ISHARES GLOBAL CLEAN ENERGY ETF
ICLR.US,ICON
ICON.US,ICONIX BRAND GROUP
ICPT.US,INTERCEPT PHARMACEUTICALS
ICUI.US,ICU MEDICAL
IDCC.US,INTERDIGITAL
IDLB.US,POWERSHARES FTSE INT LOW BETA EQUAL WEIGHT PORTFOLIO
IDRA.US,IDERA PHARMACEUTICALS
IDSA.US,INDUSTRIAL SERVICES OF AMERICA
IDSY.US,ID SYSTEMS
IDTI.US,INTEGRATED DEVICE TECHNOLOGY
IDXX.US,IDEXX LABORATORIES
IEP.US,ICAHN ENTERPRISES
IESC.US,INTEGRATED ELECTRICAL SERVICES
IEUS.US,ISHARES MSCI EUROPE SMALL-CAP ETF
IFEU.US,ISHARES EUROPE DEVELOPED REAL ESTATE ETF
IFGL.US,ISHARES INT DEVELOPED REAL ESTATE ETF
IFON.US,INFOSONICS
IFV.US,FIRST TRUST DORSEY WRIGHT INT FOCUS 5 ETF
IGLD.US,INTERNET GOLD-GOLDEN LINES
IGOV.US,ISHARES INT TREASURY BOND ETF
III.US,INFORMATION SERVICES GROUP
IIIN.US,INSTEEL INDUSTRIES
IIJI.US,INTERNET INITIATIVE JAPAN
IILG.US,INTERVAL LEISURE GROUP
IIN.US,INTRICON
IIVI.US,II-VI
IKGH.US,IAO KUN GROUP HOLDING
IKNX.US,IKONICS
ILMN.US,ILLUMINA
IMDZ.US,IMMUNE DESIGN
IMGN.US,IMMUNOGEN
IMI.US,INTERMOLECULAR
IMKTA.US,INGLES MARKETS
IMMR.US,IMMERSION
IMMU.US,IMMUNOMEDICS
IMMY.US,IMPRIMIS PHARMACEUTICALS
IMNP.US,IMMUNE PHARMACEUTICALS
IMOS.US,CHIPMOS TECHNOLOGIES BERMUDA
IMRSQ.US,IMRIS
INAP.US,INTERNAP
INBK.US,FIRST INTERNET BANCORP
INCR.US,RESEARCH HOLDINGS
INCY.US,INCYTE
INDB.US,INDEPENDENT BANK
INDY.US,ISHARES INDIA 50 ETF
INFI.US,INFINITY PHARMACEUTICALS
INFN.US,INFINERA
INGN.US,INOGEN
ININ.US,INTERACTIVE INTELLIGENCE GROUP
INNL.US,INNOCOLL
INO.US,INOVIO PHARMACEUTICALS
INOD.US,INNODATA
INOV.US,INOVALON HOLDINGS
INPHQ.US,INTERPHASE
INSM.US,INSMED
INSY.US,INSYS THERAPEUTICS
INTC.US,INTEL
INTG.US,THE INTERGROUP
INTL.US,INTL. FCSTONE
INTLL.US,INTL FCSTONE
INTU.US,INTUIT
INTX.US,INTERSECTIONS
INVE.US,IDENTIV
INVT.US,INVENTERGY GLOBAL
INWK.US,INNERWORKINGS
IOSP.US,INNOSPEC
IOTS.US,ADESTO TECHNOLOGIES
IPAR.US,INTER PARFUMS
IPAS.US,IPASS
IPCC.US,INFINITY PROPERTY & CASUALTY
IPCI.US,INTELLIPHARMACEUTICS INT
IPCM.US,IPC HEALTHCARE
IPDN.US,PROFESSIONAL DIVERSITY NETWORK
IPGP.US,IPG PHOTONICS
IPHS.US,INNOPHOS HOLDINGS
IPKW.US,POWERSHARES INT BUYBACK ACHIEVERS PORTFOLIO
IPWR.US,IDEAL POWER
IPXL.US,IMPAX LABORATORIES
IQNT.US,INTELIQUENT
IRBT.US,IROBOT
IRCP.US,IRSA PROPIEDADES COMERCIALES
IRDM.US,IRIDIUM COMMUNICATIONS
IRDMB.US,IRIDIUM COMMUNICATIONS
IRG.US,IGNITE RESTAURANT GROUP
IRIX.US,IRIDEX
IRMD.US,IRADIMED
IROQ.US,IF BANCORP
IRWD.US,IRONWOOD PHARMACEUTICALS
ISBC.US,INVESTORS BANCORP
ISCA.US,INT SPEEDWAY
ISHG.US,ISHARES 1-3Y INT TREASURY BOND ETF
ISIG.US,INSIGNIA SYSTEMS
ISIL.US,INTERSIL
ISIS.US,ISIS PHARMACEUTICALS
ISLE.US,ISLE OF CAPRI CASINOS
ISM.US,SLM
ISNS.US,IMAGE SENSING SYSTEMS
ISRG.US,INTUITIVE SURGICAL
ISRL.US,ISRAMCO
ISSC.US,INNOVATIVE SOLUTIONS & SUPPORT
ISSI.US,INTEGRATED SILICON SOLUTION
ISTR.US,INVESTAR HOLDING
ITCI.US,INTRA-CELLULAR THERAPIES
ITEK.US,INOTEK PHARMACEUTICALS
ITEQ.US,BLUESTAR TA-BIGTECH ISRAEL TECHNOLOGY ETF
ITIC.US,INVESTORS TITLE
ITRI.US,ITRON
ITRN.US,ITURAN LOCATION AND CONTROL
ITUS.US,ITUS
IVAC.US,INTEVAC
IVTY.US,INVUITY
IXYS.US,IXYS
JACK.US,JACK IN THE BOX
JAGX.US,JAGUAR ANIMAL HEALTH
JAKK.US,JAKKS PACIFIC
JASN.US,JASON INDUSTRIES
JASNW.US,JASON INDUSTRIES
JASO.US,JA SOLAR HOLDINGS
JAXB.US,JACKSONVILLE BANCORP
JAZZ.US,JAZZ PHARMACEUTICALS
JBHT.US,JB HUNT TRANSPORT SERVICES
JBLU.US,JETBLUE AIRWAYS
JBSS.US,JOHN B SANFILIPPO & SON
JCOM.US,J2 GLOBAL
JCS.US,COMMUNICATIONS SYSTEMS
JCTCF.US,JEWETT-CAMERON TRADING
JD.US,JD.COM
JGBB.US,WISDOMTREE JAPAN INTEREST RATE STRATEGY FUND
JIVE.US,JIVE SOFTWARE
JJSF.US,J&J SNACK FOODS
JKHY.US,JACK HENRY & ASSOCIATES
JMBA.US,JAMBA
JNP.US,JUNIPER PHARMACEUTICALS
JOBS.US,51JOB
JOEZ.US,JOE'S JEANS
JOUT.US,JOHNSON OUTDOORS
JRJC.US,CHINA FINANCE ONLINE
JRVR.US,JAMES RIVER GROUP HOLDINGS
JSM.US,SLM
JST.US,JINPAN INT
JTPY.US,JETPAY
JUNO.US,JUNO THERAPEUTICS
JVA.US,COFFEE HOLDING
JXSB.US,JACKSONVILLE BANCORP
JYNT.US,THE JOINT
KALU.US,KAISER ALUMINUM
KANG.US,IKANG HEALTHCARE GROUP
KBAL.US,KIMBALL INT
KBIO.US,KALOBIOS PHARMACEUTICALS
KBSF.US,KBS FASHION GROUP
KCAP.US,KCAP FINANCIAL
KCLI.US,KANSAS CITY LIFE INSURANCE
KE.US,KIMBALL ELECTRONICS
KELYA.US,KELLY SERVICES
KELYB.US,KELLY SERVICES
KEQU.US,KEWAUNEE SCIENTIFIC
KERX.US,KERYX BIOPHARMACEUTICALS
KEYW.US,THE KEYW HOLDING
KFFB.US,KENTUCKY FIRST FEDERAL BANCORP
KFRC.US,KFORCE
KGJI.US,KINGOLD JEWELRY
KHC.US,THE KRAFT HEINZ COMPANY
KIN.US,KINDRED BIOSCIENCES
KINS.US,KINGSTONE COS
KIRK.US,KIRKLAND'S
KITE.US,KITE PHARMA
KLAC.US,KLA-TENCOR
KLIC.US,KULICKE & SOFFA INDUSTRIES
KLOX.US,KLOX TECHNOLOGIES
KLXI.US,KLX
KMDA.US,KAMADA
KMPH.US,KEMPHARM
KNDI.US,KANDI TECHNOLOGIES GROUP
KNMD.US,KINEMED
KONA.US,KONA GRILL
KONE.US,KINGTONE WIRELESSINFO SOLUTION HOLDING
KOOL.US,CESCA THERAPEUTICS
KOPN.US,KOPIN
KOSS.US,KOSS
KPTI.US,KARYOPHARM THERAPEUTICS
KRNT.US,KORNIT DIGITAL
KRNY.US,KEARNY FINANCIAL
KTCC.US,KEY TRONIC
KTEC.US,KEY TECHNOLOGY
KTOS.US,KRATOS DEFENSE & SECURITY SOLUTIONS
KTOV.US,KITOV PHARMACEUTICALS HOLDINGS
KTOVW.US,KITOV PHARAMCEUTICALS HOLDINGS
KTWO.US,K2M GROUP HOLDINGS
KURA.US,KURA ONCOLOGY
KUTV.US,KU6 MEDIA
KVHI.US,KVH INDUSTRIES
KWEB.US,KRANESHARES CSI CHINA INTERNET ETF
KZ.US,KONGZHONG
LABL.US,MULTI-COLOR
LAKE.US,LAKELAND INDUSTRIES
LALT.US,POWERSHARES MULTI-STRATEGY ALTERNATIVE PORTFOLIO
LAMR.US,LAMAR ADVERTISING
LANC.US,LANCASTER COLONY
LAND.US,GLADSTONE LAND
LARK.US,LANDMARK BANCORP
LAWS.US,LAWSON PRODUCTS
LAYN.US,LAYNE CHRISTENSEN
LBAI.US,LAKELAND BANCORP
LBIO.US,LION BIOTECHNOLOGIES
LBIX.US,LEADING BRANDS
LBRDA.US,LIBERTY BROADBAND
LBRDK.US,LIBERTY BROADBAND
LBTYA.US,LIBERTY GLOBAL
LBTYB.US,LIBERTY GLOBAL
LBTYK.US,LIBERTY GLOBAL
LCNB.US,LCNB
LCUT.US,LIFETIME BRANDS
LDRH.US,LDR HOLDING
LDRI.US,POWERSHARES LADDERRITE 0-5Y CORPORATE BOND PORTFOLIO
LE.US,LANDS' END
LECO.US,LINCOLN ELECTRIC HOLDINGS
LEDS.US,SEMILEDS
LENS.US,PRESBIA
LFUS.US,LITTELFUSE
LFVN.US,LIFEVANTAGE
LGCY.US,LEGACY RESERVES
LGCYO.US,LEGACY RESERVES
LGCYP.US,LEGACY RESERVES
LGIH.US,LGI HOMES
LGND.US,LIGAND PHARMACEUTICALS
LHCG.US,LHC GROUP
LIFE.US,ATYR PHARMA
LILA.US,LIBERTY GLOBAL LILAC
LILAK.US,LIBERTY GLOBAL LILAC
LIME.US,LIME ENERGY
LINC.US,LINCOLN EDUCATIONAL SERVICES
LIND.US,LINDBLAD EXPEDITIONS HOLDINGS
LINDW.US,LINDBLAD EXPEDITIONS HOLDINGS
LINE.US,LINN ENERGY
LION.US,FIDELITY SOUTHERN
LIOX.US,LIONBRIDGE TECHNOLOGIES
LIQD.US,LIQUID HOLDINGS GROUP
LITE.US,LUMENTUM HOLDINGS
LIVE.US,LIVE VENTURES
LIVN.US,LIVANOVA
LJPC.US,LA JOLLA PHARMACEUTICAL
LKFN.US,LAKELAND FINANCIAL
LKOR.US,FLEXSHARES CREDIT-SCORED US LONG CORPORATE BOND INDEX FUND
LKQ.US,LKQ
LLEX.US,LILIS ENERGY
LLNW.US,LIMELIGHT NETWORKS
LLTC.US,LINEAR TECHNOLOGY
LMAT.US,LEMAITRE VASCULAR
LMBS.US,FIRST TRUST LOW DURATION MORTGAGE OPPORTUNITIES ETF
LMCA.US,LIBERTY MEDIA
LMCB.US,LIBERTY MEDIA
LMCK.US,LIBERTY MEDIA
LMFA.US,LM FUNDING AMERICA
LMFAU.US,LM FUNDING AMERICA
LMFAW.US,LM FUNDING AMERICA
LMIA.US,LMI AEROSPACE
LMNR.US,LIMONEIRA
LMNX.US,LUMINEX
LMOS.US,LUMOS NETWORKS
LMRK.US,LANDMARK INFRASTRUCTURE PARTNERS
LNCE.US,SNYDER'S-LANCE
LNCO.US,LINNCO
LNDC.US,LANDEC
LNTH.US,LANTHEUS HOLDINGS
LOAN.US,MANHATTAN BRIDGE CAPITAL
LOB.US,LIVE OAK BANCSHARES
LOCMQ.US,LOCAL
LOCO.US,EL POLLO LOCO HOLDINGS
LOGI.US,LOGITECH INT
LOGM.US,LOGMEIN
LOJN.US,LOJACK
LONG.US,ELONG
LOPE.US,GRAND CANYON EDUCATION
LORL.US,LORAL SPACE & COMMUNICATIONS
LOXO.US,LOXO ONCOLOGY
LPCN.US,LIPOCINE
LPHIQ.US,LIFE PARTNERS HOLDINGS
LPLA.US,LPL FINANCIAL HOLDINGS
LPNT.US,LIFEPOINT HEALTH
LPSB.US,LAPORTE BANCORP
LPSN.US,LIVEPERSON
LPTH.US,LIGHTPATH TECHNOLOGIES
LPTN.US,LPATH
LQDT.US,LIQUIDITY SERVICES
LRAD.US,LRAD
LRCX.US,LAM RESEARCH
LSBG.US,LAKE SUNAPEE BANK GROUP
LSBK.US,LAKE SHORE BANCORP
LSCC.US,LATTICE SEMICONDUCTOR
LSTR.US,LANDSTAR SYSTEM
LTBR.US,LIGHTBRIDGE
LTRE.US,LEARNING TREE INT
LTRPA.US,LIBERTY TRIPADVISOR HOLDINGS
LTRPB.US,LIBERTY TRIPADVISOR HOLDINGS
LTRX.US,LANTRONIX
LTXB.US,LEGACYTEXAS FINANCIAL GROUP
LULU.US,LULULEMON ATHLETICA
LUNA.US,LUNA INNOVATIONS
LVNTA.US,LIBERTY VENTURES
LVNTB.US,LIBERTY INTERACTIVE
LWAY.US,LIFEWAY FOODS
LXRX.US,LEXICON PHARMACEUTICALS
LYTS.US,LSI INDUSTRIES
MACK.US,MERRIMACK PHARMACEUTICALS
MAGS.US,MAGAL SECURITY SYSTEMS
MAMS.US,MAM SOFTWARE GROUP
MANH.US,MANHATTAN ASSOCIATES
MANT.US,MANTECH INT
MAPI.US,MAPI PHARMA
MAR.US,MARRIOTT INT
MARA.US,MARATHON PATENT GROUP
MARK.US,REMARK MEDIA
MARPS.US,MARINE PETROLEUM TRUST
MASI.US,MASIMO
MAT.US,MATTEL
MATR.US,MATTERSIGHT
MATW.US,MATTHEWS INT
MAUI.US,ADVISORSHARES MARKET ADAPTIVE UNCONSTRAINED INCOME ETF
MAYS.US,JW MAYS
MB.US,MINDBODY
MBCN.US,MIDDLEFIELD BANC
MBFI.US,MB FINANCIAL
MBFIP.US,MB FINANCIAL
MBII.US,MARRONE BIO INNOVATIONS
MBLX.US,METABOLIX
MBRG.US,MIDDLEBURG FINANCIAL
MBSD.US,FLEXSHARES TRUST-FLEXSHARES DISCIPLINED DURATION MBS INDEX FUND
MBTF.US,MBT FINANCIAL
MBUU.US,MALIBU BOATS
MBVT.US,MERCHANTS BANCSHARES
MBWM.US,MERCANTILE BANK
MCBC.US,MACATAWA BANK
MCBK.US,MADISON COUNTY FINANCIAL
MCEP.US,MID-CON ENERGY PARTNERS
MCFT.US,MCBC HOLDINGS
MCHP.US,MICROCHIP TECHNOLOGY
MCHX.US,MARCHEX
MCOX.US,MECOX LANE
MCRB.US,SERES THERAPEUTICS
MCRI.US,MONARCH CASINO & RESORT
MCUR.US,MACROCURE
MDAS.US,MEDASSETS
MDCA.US,MDC PARTNERS
MDCO.US,THE MEDICINES COMPANY
MDGS.US,MEDIGUS
MDIV.US,FIRST TRUST MULTI-ASSET DIVERSIFIED INCOME INDEX FUND
MDLZ.US,MONDELEZ INT
MDM.US,MOUNTAIN PROVINCE DIAMONDS
MDRX.US,ALLSCRIPTS HEALTHCARE SOLUTIONS
MDSO.US,MEDIDATA SOLUTIONS
MDSY.US,MODSYS INT
MDVN.US,MEDIVATION
MDVX.US,MEDOVEX
MDVXW.US,MEDOVEX
MDWD.US,MEDIWOUND
MDXG.US,MIMEDX GROUP
MEET.US,MEETME
MEIL.US,METHES ENERGIES INT
MEILW.US,METHES ENERGIES INT
MEILZ.US,METHES ENERGIES INT
MEIP.US,MEI PHARMA
MELA.US,MELA SCIENCES
MELI.US,MERCADOLIBRE
MELR.US,MELROSE BANCORP
MEMP.US,MEMORIAL PRODUCTION PARTNERS
MENT.US,MENTOR GRAPHICS
MEOH.US,METHANEX
MERC.US,MERCER INT
MESG.US,XURA
MESO.US,MESOBLAST
METR.US,METRO BANCORP
MFLX.US,MULTI-FINELINE ELECTRONIX
MFNC.US,MACKINAC FINANCIAL
MFRI.US,MFRI
MFRM.US,MATTRESS FIRM HOLDING
MFSF.US,MUTUALFIRST FINANCIAL
MGCD.US,MGC DIAGNOSTICS
MGEE.US,MGE ENERGY
MGI.US,MONEYGRAM INT
MGIC.US,MAGIC SOFTWARE ENTERPRISES
MGLN.US,MAGELLAN HEALTH
MGNX.US,MACROGENICS
MGPI.US,MGP INGREDIENTS
MGRC.US,MCGRATH RENTCORP
MGYR.US,MAGYAR BANCORP
MHGC.US,MORGANS HOTEL GROUP
MHLD.US,MAIDEN HOLDINGS
MHLDO.US,MAIDEN HOLDINGS
MICT.US,MICRONET ENERTEC TECHNOLOGIES
MICTW.US,MICRONET ENERTEC TECHNOLOGIES
MIDD.US,THE MIDDLEBY
MIFI.US,NOVATEL WIRELESS
MIK.US,THE MICHAELS COMPANIES
MIME.US,MIMECAST
MIND.US,MITCHAM INDUSTRIES
MINI.US,MOBILE MINI
MIRN.US,MIRNA THERAPEUTICS
MITK.US,MITEK SYSTEMS
MITL.US,MITEL NETWORKS
MKSI.US,MKS INSTRUMENTS
MKTO.US,MARKETO
MKTX.US,MARKETAXESS HOLDINGS
MLAB.US,MESA LABORATORIES
MLHR.US,HERMAN MILLER
MLNK.US,MODUSLINK GLOBAL SOLUTIONS
MLNX.US,MELLANOX TECHNOLOGIES
MLVF.US,MALVERN BANCORP
MMAC.US,MMA CAPITAL MANAGEMENT
MMLP.US,MARTIN MIDSTREAM PARTNERS
MMSI.US,MERIT MEDICAL SYSTEMS
MMYT.US,MAKEMYTRIP
MNDO.US,MIND CTI
MNGA.US,MAGNEGAS
MNKD.US,MANNKIND
MNOV.US,MEDICINOVA
MNRK.US,MONARCH FINANCIAL HOLDINGS
MNRO.US,MONRO MUFFLER BRAKE
MNST.US,MONSTER BEVERAGE
MNTA.US,MOMENTA PHARMACEUTICALS
MNTX.US,MANITEX INT
MOBI.US,SKY-MOBI
MOBL.US,MOBILEIRON
MOCO.US,MOCON
MOFG.US,MIDWESTONE FINANCIAL GROUP
MOKO.US,MOKO SOCIAL MEDIA
MOLG.US,MOL GLOBAL
MOMO.US,MOMO
MORN.US,MORNINGSTAR
MOSY.US,MOSYS
MPAA.US,MOTORCAR PARTS OF AMERICA
MPB.US,MID PENN BANCORP
MPEL.US,MELCO CROWN ENTERTAINMENT
MPET.US,MAGELLAN PETROLEUM
MPWR.US,MONOLITHIC POWER SYSTEMS
MRCC.US,MONROE CAPITAL
MRCY.US,MERCURY SYSTEMS
MRD.US,MEMORIAL RESOURCE DEVELOPMENT
MRKT.US,MARKIT
MRLN.US,MARLIN BUSINESS SERVICES
MRNS.US,MARINUS PHARMACEUTICALS
MRTN.US,MARTEN TRANSPORT
MRTX.US,MIRATI THERAPEUTICS
MRVC.US,MRV COMMUNICATIONS
MRVL.US,MARVELL TECHNOLOGY GROUP
MSBF.US,MSB FINANCIAL
MSCC.US,MICROSEMI
MSEX.US,MIDDLESEX WATER
MSFG.US,MAINSOURCE FINANCIAL GROUP
MSFT.US,MICROSOFT
MSLI.US,MERUS LABS INT
MSON.US,MISONIX
MSTR.US,MICROSTRATEGY
MTBC.US,MEDICAL TRANSCRIPTION BILLING
MTBCP.US,MEDICAL TRANSCRIPTION BILLING
MTCH.US,MATCH GROUP
MTEX.US,MANNATECH
MTGE.US,AMERICAN CAPITAL MORTGAGE INVESTMENT
MTGEP.US,AMERICAN CAPITAL MORTGAGE INVESTMENT
MTLS.US,MATERIALISE
MTP.US,MIDATECH PHARMA
MTRX.US,MATRIX SERVICE
MTSC.US,MTS SYSTEMS
MTSI.US,M/A-COM TECHNOLOGY SOLUTIONS HOLDINGS
MTSL.US,MER TELEMANAGEMENT SOLUTIONS
MTSN.US,MATTSON TECHNOLOGY
MU.US,MICRON TECHNOLOGY
MVIS.US,MICROVISION
MXIM.US,MAXIM INTEGRATED PRODUCTS
MXWL.US,MAXWELL TECHNOLOGIES
MYGN.US,MYRIAD GENETICS
MYL.US,MYLAN
MYOK.US,MYOKARDIA
MYOS.US,MYOS
MYRG.US,MYR GROUP
MZOR.US,MAZOR ROBOTICS
NAII.US,NATURAL ALTERNATIVES INT
NAME.US,RIGHTSIDE GROUP
NANO.US,NANOMETRICS
NATH.US,NATHAN'S FAMOUS
NATI.US,NATIONAL INSTRUMENTS
NATL.US,NATIONAL INTERSTATE
NATR.US,NATURE'S SUNSHINE PRODUCTS
NAUH.US,NATIONAL AMERICAN UNIVERSITY HOLDINGS
NAVG.US,THE NAVIGATORS GROUP
NAVI.US,NAVIENT
NBBC.US,NEWBRIDGE BANCORP
NBIX.US,NEUROCRINE BIOSCIENCES
NBN.US,NORTHEAST BANCORP
NBRV.US,NABRIVA THERAPEUTICS
NBTB.US,NBT BANCORP
NCIT.US,NCI
NCLH.US,NORWEGIAN CRUISE LINE HOLDINGS
NCMI.US,NATIONAL CINEMEDIA
NCOM.US,NATIONAL COMMERCE
NCTY.US,THE9
NDAQ.US,NASDAQ
NDLS.US,NOODLES
NDRM.US,NEURODERM
NDSN.US,NORDSON
NECB.US,NORTHEAST COMMUNITY BANCORP
NEO.US,NEOGENOMICS
NEOG.US,NEOGEN
NEON.US,NEONODE
NEOS.US,NEOS THERAPEUTICS
NEOT.US,NEOTHETICS
NEPT.US,NEPTUNE TECHNOLOGIES & BIORESSOURCES
NERV.US,MINERVA NEUROSCIENCES
NETE.US,NET ELEMENT
NEWP.US,NEWPORT
NEWS.US,NEWSTAR FINANCIAL
NEWT.US,NEWTEK BUSINESS SERVICES
NEWTZ.US,NEWTEK BUSINESS SERVICES
NFBK.US,NORTHFIELD BANCORP
NFEC.US,NF ENERGY SAVING
NFLX.US,NETFLIX
NGHC.US,NATIONAL GENERAL HOLDINGS
NGHCO.US,NATIONAL GENERAL HOLDINGS
NGHCP.US,NATIONAL GENERAL HOLDINGS
NGHCZ.US,NATIONAL GENERAL HOLDINGS
NHLD.US,NATIONAL HOLDINGS
NHTC.US,NATURAL HEALTH TRENDS
NICE.US,NICE-SYSTEMS
NICK.US,NICHOLAS FINANCIAL
NIHD.US,NII HOLDINGS
NILE.US,BLUE NILE
NK.US,NANTKWEST
NKSH.US,NATIONAL BANKSHARES
NKTR.US,NEKTAR THERAPEUTICS
NLNK.US,NEWLINK GENETICS
NLST.US,NETLIST
NMIH.US,NMI HOLDINGS
NMRX.US,NUMEREX
NNBR.US,NN
NPBC.US,NATIONAL PENN BANCSHARES
NRCIA.US,NATIONAL RESEARCH
NRCIB.US,NATIONAL RESEARCH
NRIM.US,NORTHRIM BANCORP
NRX.US,NEPHROGENEX
NSEC.US,NATIONAL SECURITY GROUP
NSIG.US,NEUROSIGMA
NSIT.US,INSIGHT ENTERPRISES
NSPH.US,NANOSPHERE
NSSC.US,NAPCO SECURITY TECHNOLOGIES
NSTG.US,NANOSTRING TECHNOLOGIES
NSYS.US,NORTECH SYSTEMS
NTAP.US,NETAPP
NTCT.US,NETSCOUT SYSTEMS
NTEC.US,INTEC PHARMA
NTES.US,NETEASE
NTGR.US,NETGEAR
NTIC.US,NORTHERN TECHNOLOGIES INT
NTK.US,NORTEK
NTLS.US,NTELOS HOLDINGS
NTRA.US,NATERA
NTRI.US,NUTRISYSTEM
NTRS.US,NORTHERN TRUST
NTRSP.US,NORTHERN TRUST
NTWK.US,NETSOL TECHNOLOGIES
NUAN.US,NUANCE COMMUNICATIONS
NURO.US,NEUROMETRIX
NUROW.US,NEUROMETRIX
NUTR.US,NUTRACEUTICAL INT
NUVA.US,NUVASIVE
NVAX.US,NOVAVAX
NVCN.US,NEOVASC
NVCR.US,NOVOCURE
NVDA.US,NVIDIA
NVDQ.US,NOVADAQ TECHNOLOGIES
NVEC.US,NVE
NVEE.US,NV5 GLOBAL
NVET.US,NEXVET BIOPHARMA
NVFY.US,NOVA LIFESTYLE
NVGN.US,NOVOGEN
NVIV.US,INVIVO THERAPEUTICS HOLDINGS
NVLS.US,NIVALIS THERAPEUTICS
NVMI.US,NOVA MEASURING INSTRUMENTS
NVSL.US,NAUGATUCK VALLEY FINANCIAL
NWBI.US,NORTHWEST BANCSHARES
NWBO.US,NORTHWEST BIOTHERAPEUTICS
NWBOW.US,NORTHWEST BIOTHERAPEUTICS
NWFL.US,NORWOOD FINANCIAL
NWLI.US,NATIONAL WESTERN LIFE GROUP
NWPX.US,NORTHWEST PIPE
NWS.US,NEWS
NWSA.US,NEWS
NXPI.US,NXP SEMICONDUCTORS
NXST.US,NEXSTAR BROADCASTING GROUP
NXTD.US,NXT-ID
NXTDW.US,NXT-ID
NXTM.US,NXSTAGE MEDICAL
NYMT.US,NEW YORK MORTGAGE TRUST
NYMTO.US,NEW YORK MORTGAGE TRUST
NYMTP.US,NEW YORK MORTGAGE TRUST
NYMX.US,NYMOX PHARMACEUTICAL
NYNY.US,EMPIRE RESORTS
OASM.US,OASMIA PHARMACEUTICAL AB
OBAS.US,OPTIBASE
OBCI.US,OCEAN BIO-CHEM
OCAT.US,OCATA THERAPEUTICS
OCC.US,OPTICAL CABLE
OCFC.US,OCEANFIRST FINANCIAL
OCLR.US,OCLARO
OCLS.US,OCULUS INNOVATIVE SCIENCES
OCLSW.US,OCULUS INNOVATIVE SCIENCES
OCRX.US,OCERA THERAPEUTICS
OCUL.US,OCULAR THERAPEUTIX
ODFL.US,OLD DOMINION FREIGHT LINE
ODP.US,OFFICE DEPOT
OESX.US,ORION ENERGY SYSTEMS
OFED.US,OCONEE FEDERAL FINANCIAL
OFIX.US,ORTHOFIX INT
OFLX.US,OMEGA FLEX
OFS.US,OFS CAPITAL
OGXI.US,ONCOGENEX PHARMACEUTICALS
OHAI.US,OHA INVESTMENT
OHGI.US,ONE HORIZON GROUP
OHRP.US,OHR PHARMACEUTICAL
OIIM.US,O2MICRO INT
OKSB.US,SOUTHWEST BANCORP
OLBK.US,OLD LINE BANCSHARES
OLED.US,UNIVERSAL DISPLAY
OLLI.US,OLLIE'S BARGAIN OUTLET HOLDINGS
OMAB.US,GRUPO AEROPORTUARIO DEL CENTRO NORTE SAB DE CV
OMCL.US,OMNICELL
OMED.US,ONCOMED PHARMACEUTICALS
OMER.US,OMEROS
OMEX.US,ODYSSEY MARINE EXPLORATION
ON.US,ON SEMICONDUCTOR
ONB.US,OLD NATIONAL BANCORP
ONCE.US,SPARK THERAPEUTICS
ONCS.US,ONCOSEC MEDICAL
ONEQ.US,FIDELITY NASDAQ COMPOSITE INDEX TRACKING STOCK ETF
ONFC.US,ONEIDA FINANCIAL
ONTX.US,ONCONOVA THERAPEUTICS
ONTY.US,ONCOTHYREON
ONVI.US,ONVIA
OPB.US,OPUS BANK
OPGN.US,OPGEN
OPGNW.US,OPGEN
OPHC.US,OPTIMUMBANK HOLDINGS
OPHT.US,OPHTHOTECH
OPOF.US,OLD POINT FINANCIAL
OPTT.US,OCEAN POWER TECHNOLOGIES
OPXA.US,OPEXA THERAPEUTICS
OPXAW.US,OPEXA THERAPEUTICS
ORBC.US,ORBCOMM
ORBK.US,ORBOTECH
OREX.US,OREXIGEN THERAPEUTICS
ORIG.US,OCEAN RIG UDW
ORIT.US,ORITANI FINANCIAL
ORLY.US,O'REILLY AUTOMOTIVE
ORMP.US,ORAMED PHARMACEUTICALS
ORPN.US,BIO BLAST PHARMA
ORRF.US,ORRSTOWN FINANCIAL SERVICES
OSBC.US,OLD SECOND BANCORP
OSBCP.US,OLD SECOND BANCORP
OSHC.US,OCEAN SHORE HOLDING
OSIR.US,OSIRIS THERAPEUTICS
OSIS.US,OSI SYSTEMS
OSM.US,SLM
OSN.US,OSSEN INNOVATION
OSTK.US,OVERSTOCK.COM
OSUR.US,ORASURE TECHNOLOGIES
OTEL.US,OTELCO
OTEX.US,OPEN TEXT
OTIC.US,OTONOMY
OTIV.US,ON TRACK INNOVATIONS
OTTR.US,OTTER TAIL
OUTR.US,OUTERWALL
OVAS.US,OVASCIENCE
OVBC.US,OHIO VALLEY BANC
OVLY.US,OAK VALLEY BANCORP
OVTI.US,OMNIVISION TECHNOLOGIES
OXBR.US,OXBRIDGE RE HOLDINGS
OXBRW.US,OXBRIDGE RE HOLDINGS
OXFD.US,OXFORD IMMUNOTEC GLOBAL
OXGN.US,OXIGENE
OXLC.US,OXFORD LANE CAPITAL
OXLCN.US,OXFORD LANE CAPITAL
OXLCO.US,OXFORD LANE CAPITAL
OZRK.US,BANK OF THE OZARKS
PAAC.US,PACIFIC SPECIAL ACQUISITION
PAACR.US,PACIFIC SPECIAL ACQUISITION
PAACU.US,PACIFIC SPECIAL ACQUISITION
PAACW.US,PACIFIC SPECIAL ACQUISITION
PAAS.US,PAN AMERICAN SILVER
PACB.US,PACIFIC BIOSCIENCES OF CALIFORNIA
PACE.US,PACE HOLDINGS
PACEU.US,PACE HOLDINGS
PACEW.US,PACE HOLDINGS
PACW.US,PACWEST BANCORP
PAGG.US,POWERSHARES GLOBAL AGRICULTURE PORTFOLIO
PAHC.US,PHIBRO ANIMAL HEALTH
PANL.US,PANGAEA LOGISTICS SOLUTIONS
PARN.US,PARNELL PHARMACEUTICALS HOLDINGS
PATI.US,PATRIOT TRANSPORTATION HOLDING
PATK.US,PATRICK INDUSTRIES
PAYX.US,PAYCHEX
PBCP.US,POLONIA BANCORP
PBCT.US,PEOPLE'S UNITED FINANCIAL
PBHC.US,PATHFINDER BANCORP
PBIB.US,PORTER BANCORP
PBIP.US,PRUDENTIAL BANCORP
PBMD.US,PRIMA BIOMED
PBPB.US,POTBELLY
PBSK.US,POAGE BANKSHARES
PCAR.US,PACCAR
PCBK.US,PACIFIC CONTINENTAL
PCCC.US,PC CONNECTION
PCH.US,POTLATCH
PCLN.US,THE PRICELINE GROUP
PCMI.US,PCM
PCO.US,PENDRELL
PCOM.US,POINTS INT
PCRX.US,PACIRA PHARMACEUTICALS
PCTI.US,PC-TEL
PCTY.US,PAYLOCITY HOLDING
PCYG.US,PARK CITY GROUP
PCYO.US,PURE CYCLE
PDBC.US,POWERSHARES DB OPTIMUM YIELD DIVERSIFIED COMMODITY STRATEGY
PDCE.US,PDC ENERGY
PDCO.US,PATTERSON COS
PDEX.US,PRO-DEX
PDFS.US,PDF SOLUTIONS
PDII.US,PDI
PDLI.US,PDL BIOPHARMA
PDVW.US,PDVWIRELESS
PEBK.US,PEOPLES BANCORP OF NORTH CAROLINA
PEBO.US,PEOPLES BANCORP
PEGA.US,PEGASYSTEMS
PEGI.US,PATTERN ENERGY GROUP
PEIX.US,PACIFIC ETHANOL
PENN.US,PENN NATIONAL GAMING
PERF.US,PERFUMANIA HOLDINGS
PERI.US,PERION NETWORK
PERY.US,PERRY ELLIS INT
PESI.US,PERMA-FIX ENVIRONMENTAL SERVICES
PETS.US,PETMED EXPRESS
PETX.US,ARATANA THERAPEUTICS
PFBC.US,PREFERRED BANK
PFBI.US,PREMIER FINANCIAL BANCORP
PFBX.US,PEOPLES FINANCIAL
PFIE.US,PROFIRE ENERGY
PFIN.US,P&F INDUSTRIES
PFIS.US,PEOPLES FINANCIAL SERVICES
PFLT.US,PENNANTPARK FLOATING RATE CAPITAL
PFMT.US,PERFORMANT FINANCIAL
PFPT.US,PROOFPOINT
PFSW.US,PFSWEB
PGC.US,PEAPACK GLADSTONE FINANCIAL
PGLC.US,PERSHING GOLD
PGNX.US,PROGENICS PHARMACEUTICALS
PGTI.US,PGT
PHII.US,PHI
PHIIK.US,PHI
PHMD.US,PHOTOMEDEX
PICO.US,PICO HOLDINGS
PIH.US,1347 PROPERTY INSURANCE HOLDINGS
PINC.US,PREMIER
PIRS.US,PIERIS PHARMACEUTICALS
PKBK.US,PARKE BANCORP
PKOH.US,PARK-OHIO HOLDINGS
PLAB.US,PHOTRONICS
PLAY.US,DAVE & BUSTER'S ENTERTAINMENT
PLBC.US,PLUMAS BANCORP
PLCE.US,CHILDREN&#39;S PLACE
PLCM.US,POLYCOM
PLKI.US,POPEYES LOUISIANA KITCHEN
PLNR.US,PLANAR SYSTEMS
PLPC.US,PREFORMED LINE PRODUCTS
PLPM.US,PLANET PAYMENT
PLTEU.US,PULTE ACQUISITION CORP
PLTM.US,FIRST TRUST ISE GLOBAL PLATINUM INDEX FUND
PLUG.US,PLUG POWER
PLUS.US,EPLUS
PLXS.US,PLEXUS
PMBC.US,PACIFIC MERCANTILE BANCORP
PMCS.US,PMC-SIERRA
PMD.US,PSYCHEMEDICS
PME.US,PINGTAN MARINE ENTERPRISE
PMTS.US,CPI CARD GROUP
PNBK.US,PATRIOT NATIONAL BANCORP
PNFP.US,PINNACLE FINANCIAL PARTNERS
PNNT.US,PENNANTPARK INVESTMENT
PNQI.US,POWERSHARES NASDAQ INTERNET PORTFOLIO
PNRA.US,PANERA BREAD
PNRG.US,PRIMEENERGY
PNTR.US,POINTER TELOCATION
PODD.US,INSULET
POOL.US,POOL
POPE.US,POPE RESOURCES A DELAWARE
POWI.US,POWER INTEGRATIONS
POWL.US,POWELL INDUSTRIES
POZN.US,POZEN
PPBI.US,PACIFIC PREMIER BANCORP
PPC.US,PILGRIM'S PRIDE
PPHM.US,PEREGRINE PHARMACEUTICALS
PPHMP.US,PEREGRINE PHARMACEUTICALS
PPSI.US,PIONEER POWER SOLUTIONS
PRAA.US,PRA GROUP
PRAH.US,PRA HEALTH SCIENCES
PRAN.US,PRANA BIOTECHNOLOGY
PRCP.US,PERCEPTRON
PRFT.US,PERFICIENT
PRFZ.US,POWERSHARES FTSE RAFI US 1500 SMALL-MID PORTFOLIO
PRGN.US,PARAGON SHIPPING
PRGNL.US,PARAGON SHIPPING
PRGS.US,PROGRESS SOFTWARE
PRGX.US,PRGX GLOBAL
PRIM.US,PRIMORIS SERVICES
PRKR.US,PARKERVISION
PRMW.US,PRIMO WATER
PROV.US,PROVIDENT FINANCIAL HOLDINGS
PRPH.US,PROPHASE LABS
PRQR.US,PROQR THERAPEUTICS
PRSC.US,THE PROVIDENCE SERVICE
PRSN.US,PERSEON
PRSNW.US,PERSEON
PRSS.US,CAFEPRESS
PRTA.US,PROTHENA
PRTK.US,PARATEK PHARMACEUTICALS
PRTO.US,PROTEON THERAPEUTICS
PRTS.US,US AUTO PARTS NETWORK
PRXI.US,PREMIER EXHIBITIONS
PRXL.US,PAREXEL INT
PRZM.US,PRISM TECHNOLOGIES GROUP
PSAU.US,POWERSHARES GLOBAL GOLD AND PRECIOUS METALS PORTFOLIO
PSBH.US,PSB HOLDINGS
PSCC.US,POWERSHARES S&P SMALLCAP CONSUMER STAPLES PORTFOLIO
PSCD.US,POWERSHARES S&P SMALLCAP CONSUMER DISCRETIONARY PORTFOLIO
PSCE.US,POWERSHARES S&P SMALLCAP ENERGY PORTFOLIO
PSCF.US,POWERSHARES S&P SMALLCAP FINANCIALS PORTFOLIO
PSCH.US,POWERSHARES S&P SMALLCAP HEALTH CARE PORTFOLIO
PSCI.US,POWERSHARES S&P SMALLCAP INDUSTRIALS PORTFOLIO
PSCM.US,POWERSHARES S&P SMALLCAP MATERIALS PORTFOLIO
PSCT.US,POWERSHARES S&P SMALLCAP INFORMATION TECHNOLOGY PORTFOLIO
PSCU.US,POWERSHARES S&P SMALLCAP UTILITIES PORTFOLIO
PSDV.US,PSIVIDA
PSEC.US,PROSPECT CAPITAL
PSEM.US,PERICOM SEMICONDUCTOR
PSIX.US,POWER SOLUTIONS INT
PSMT.US,PRICESMART
PSTB.US,PARK STERLING
PSTI.US,PLURISTEM THERAPEUTICS
PSTR.US,POSTROCK ENERGY
PSUN.US,PACIFIC SUNWEAR OF CALIFORNIA
PSWW.US,PRINCIPAL SOLAR
PTC.US,PTC
PTCT.US,PTC THERAPEUTICS
PTEN.US,PATTERSON-UTI ENERGY
PTIE.US,PAIN THERAPEUTICS
PTLA.US,PORTOLA PHARMACEUTICALS
PTNR.US,PARTNER COMMUNICATIONS
PTSI.US,PAM TRANSPORTATION SERVICES
PTX.US,PERNIX THERAPEUTICS HOLDINGS
PTXP.US,PENNTEX MIDSTREAM PARTNERS
PUB.US,PEOPLE'S UTAH BANCORP
PULB.US,PULASKI FINANCIAL
PULM.US,PULMATRIX
PUMP.US,ASANTE SOLUTIONS
PVBC.US,PROVIDENT BANCORP
PVTB.US,PRIVATEBANCORP
PVTBP.US,PRIVATEBANCORP
PWOD.US,PENNS WOODS BANCORP
PWX.US,PROVIDENCE AND WORCESTER RAILROAD
PXLW.US,PIXELWORKS
PXS.US,PYXIS TANKERS
PYDS.US,PAYMENT DATA SYSTEMS
PYPL.US,PAYPAL HOLDINGS
PZZA.US,PAPA JOHN'S INT
QABA.US,FIRST TRUST NASDAQ ABA COMMUNITY BANK INDEX FUND
QADA.US,QAD
QADB.US,QAD
QAT.US,ISHARES MSCI QATAR CAPPED ETF
QBAK.US,QUALSTAR
QCCO.US,QC HOLDINGS
QCLN.US,FIRST TRUST NASDAQ CLEAN EDGE GREEN ENERGY INDEX FUND
QCOM.US,QUALCOMM
QCRH.US,QCR HOLDINGS
QDEL.US,QUIDEL
QGEN.US,QIAGEN
QINC.US,FIRST TRUST RBA QUALITY INCOME ETF
QIWI.US,QIWI
QKLS.US,QKL STORES
QLC.US,FLEXSHARES US QUALITY LARGE CAP INDEX FUND
QLGC.US,QLOGIC
QLIK.US,QLIK TECHNOLOGIES
QLTI.US,QLT
QLYS.US,QUALYS
QNST.US,QUINSTREET
QPAC.US,QUINPARIO ACQUISITION 2
QPACU.US,QUINPARIO ACQUISITION 2
QPACW.US,QUINPARIO ACQUISITION 2
QQEW.US,FIRST TRUST NASDAQ-100 EQUAL WEIGHTED INDEX FUND
QQQ.US,POWERSHARES QQQ TRUST SERIES 1
QQQC.US,GLOBAL X NASDAQ CHINA TECHNOLOGY ETF
QQQX.US,NUVEEN NASDAQ 100 DYNAMIC OVERWRITE FUND
QQXT.US,FIRST TRUST NASDAQ-100 EX-TECHNOLOGY SECTOR INDEXSM FUND
QRHC.US,QUEST RESOURCE HOLDING
QRVO.US,QORVO
QSII.US,QUALITY SYSTEMS
QTEC.US,FIRST TRUST NASDAQ-100 TECHNOLOGY INDEX FUND
QTNT.US,QUOTIENT
QTWW.US,QUANTUM FUEL SYSTEMS TECHNOLOGIES WORLDWIDE
QUIK.US,QUICKLOGIC
QUMU.US,QUMU
QUNR.US,QUNAR CAYMAN ISLANDS
QURE.US,UNIQURE
QVCA.US,LIBERTY INTERACTIVE QVC GROUP
QVCB.US,LIBERTY INTERACTIVE QVC GROUP
QYLD.US,RECON CAPITAL NASDAQ-100 COVERED CALL ETF
RADA.US,RADA ELECTRONIC INDUSTRIES
RAIL.US,FREIGHTCAR AMERICA
RAND.US,RAND CAPITAL
RARE.US,ULTRAGENYX PHARMACEUTICAL
RAVE.US,RAVE RESTAURANT GROUP
RAVN.US,RAVEN INDUSTRIES
RBCAA.US,REPUBLIC BANCORP
RBCN.US,RUBICON TECHNOLOGY
RBIO.US,REVO BIOLOGICS
RBPAA.US,ROYAL BANCSHARES OF PENNSYLVANIA
RCII.US,RENT-A-CENTER
RCKY.US,ROCKY BRANDS
RCMT.US,RCM TECHNOLOGIES
RCON.US,RECON TECHNOLOGY
RCPI.US,ROCK CREEK PHARMACEUTICALS
RDCM.US,RADCOM
RDEN.US,ELIZABETH ARDEN
RDHL.US,REDHILL BIOPHARMA
RDI.US,READING INT
RDIB.US,READING INT
RDNT.US,RADNET
RDUS.US,RADIUS HEALTH
RDVY.US,FIRST TRUST NASDAQ RISING DIVIDEND ACHIEVERS ETF
RDWR.US,RADWARE
RECN.US,RESOURCES CONNECTION
REDF.US,REDIFF.COM INDIA
REFR.US,RESEARCH FRONTIERS
REGI.US,RENEWABLE ENERGY GROUP
REGN.US,REGENERON PHARMACEUTICALS
REIS.US,REIS
RELL.US,RICHARDSON ELECTRONICS
RELV.US,RELIV INT
RELY.US,REAL INDUSTRY
REMY.US,REMY INT
RENT.US,RENTRAK
REPH.US,RECRO PHARMA
RESN.US,RESONANT
REXI.US,RESOURCE AMERICA
REXX.US,REX ENERGY
RFIL.US,RF INDUSTRIES
RGCO.US,RGC RESOURCES
RGDXQ.US,RESPONSE GENETICS
RGEN.US,REPLIGEN
RGLD.US,ROYAL GOLD
RGLS.US,REGULUS THERAPEUTICS
RGNX.US,REGENXBIO
RGSE.US,REAL GOODS SOLAR
RIBT.US,RICEBRAN TECHNOLOGIES
RIBTW.US,RICEBRAN TECHNOLOGIES
RICK.US,RCI HOSPITALITY HOLDINGS
RIGL.US,RIGEL PHARMACEUTICALS
RILY.US,B. RILEY FINANCIAL
RITT.US,RIT TECHNOLOGIES
RITTW.US,RIT TECHNOLOGIES
RIVR.US,RIVER VALLEY BANCORP.
RJET.US,REPUBLIC AIRWAYS HOLDINGS
RKDA.US,ARCADIA BIOSCIENCES
RLJE.US,RLJ ENTERTAINMENT
RLOC.US,REACHLOCAL
RLOG.US,RAND LOGISTICS
RLYP.US,RELYPSA
RMBS.US,RAMBUS
RMCF.US,ROCKY MOUNTAIN CHOCOLATE FACTORY
RMGN.US,RMG NETWORKS HOLDING
RMI.US,RIVERBANC MULTIFAMILY INVESTORS
RMR.US,THE RMR GROUP
RMTI.US,ROCKWELL MEDICAL
RNET.US,RIGNET
RNST.US,RENASANT
RNVA.US,RENNOVA HEALTH
RNWK.US,REALNETWORKS
ROBO.US,ROBO-STOX GLOBAL ROBOTICS & AUTOMATION ETF
ROCK.US,GIBRALTAR INDUSTRIES
ROIA.US,RADIO ONE
ROIAK.US,RADIO ONE
ROIC.US,RETAIL OPPORTUNITY INVESTMENTS
ROKA.US,ROKA BIOSCIENCE
ROLL.US,RBC BEARINGS
ROSG.US,ROSETTA GENOMICS
ROST.US,ROSS STORES
ROVI.US,ROVI
ROYL.US,ROYALE ENERGY
RP.US,REALPAGE
RPD.US,RAPID7
RPRX.US,REPROS THERAPEUTICS
RPRXW.US,REPROS THERAPEUTICS
RPRXZ.US,REPROS THERAPEUTICS
RPTP.US,RAPTOR PHARMACEUTICAL
RPXC.US,RPX
RRD.US,RR DONNELLEY & SONS
RRGB.US,RED ROBIN GOURMET BURGERS
RRM.US,RR MEDIA
RSAS.US,RESAAS SERVICES
RSTI.US,ROFIN-SINAR TECHNOLOGIES
RSYS.US,RADISYS
RTIX.US,RTI SURGICAL
RTK.US,RENTECH
RTRX.US,RETROPHIN
RTTR.US,RITTER PHARMACEUTICALS
RUN.US,SUNRUN
RUSHA.US,RUSH ENTERPRISES
RUSHB.US,RUSH ENTERPRISES
RUTH.US,RUTH'S HOSPITALITY GROUP
RVLT.US,REVOLUTION LIGHTING TECHNOLOGIES
RVNC.US,REVANCE THERAPEUTICS
RVSB.US,RIVERVIEW BANCORP
RWLK.US,REWALK ROBOTICS
RXDX.US,IGNYTA
RXII.US,RXI PHARMACEUTICALS
RYAAY.US,RYANAIR HOLDINGS
SAAS.US,INCONTACT
SABR.US,SABRE
SAEX.US,SAEXPLORATION HOLDINGS
SAFM.US,SANDERSON FARMS
SAFT.US,SAFETY INSURANCE GROUP
SAGE.US,SAGE THERAPEUTICS
SAIA.US,SAIA
SAJA.US,SAJAN
SAL.US,SALISBURY BANCORP
SALE.US,RETAILMENOT
SALM.US,SALEM MEDIA GROUP
SAMG.US,SILVERCREST ASSET MANAGEMENT GROUP
SANM.US,SANMINA
SANW.US,S&W SEED
SASR.US,SANDY SPRING BANCORP
SATS.US,ECHOSTAR
SAUC.US,DIVERSIFIED RESTAURANT HOLDINGS
SAVE.US,SPIRIT AIRLINES
SBAC.US,SBA COMMUNICATIONS
SBBP.US,STRONGBRIDGE BIOPHARMA
SBBX.US,SUSSEX BANCORP
SBCF.US,SEACOAST BANKING OF FLORIDA
SBCP.US,SUNSHINE BANCORP
SBFG.US,SB FINANCIAL GROUP
SBFGP.US,SB FINANCIAL GROUP
SBGI.US,SINCLAIR BROADCAST GROUP
SBLK.US,STAR BULK CARRIERS
SBLKL.US,STAR BULK CARRIERS
SBNY.US,SIGNATURE BANK
SBNYW.US,SIGNATURE BANK
SBOT.US,STELLAR BIOTECHNOLOGIES
SBRA.US,SABRA HEALTH CARE REIT
SBRAP.US,SABRA HEALTHCARE REIT
SBSA.US,SPANISH BROADCASTING SYSTEM
SBSI.US,SOUTHSIDE BANCSHARES
SBUX.US,STARBUCKS
SCAI.US,SURGICAL CARE AFFILIATES
SCHL.US,SCHOLASTIC
SCHN.US,SCHNITZER STEEL INDUSTRIES
SCLN.US,SCICLONE PHARMACEUTICALS
SCMP.US,SUCAMPO PHARMACEUTICALS
SCON.US,SUPERCONDUCTOR TECHNOLOGIES
SCOR.US,COMSCORE
SCSC.US,SCANSOURCE
SCSS.US,SELECT COMFORT
SCTY.US,SOLARCITY
SCVL.US,SHOE CARNIVAL
SCYX.US,SCYNEXIS
SEAC.US,SEACHANGE INT
SEDG.US,SOLAREDGE TECHNOLOGIES
SEED.US,ORIGIN AGRITECH
SEIC.US,SEI INVESTMENTS
SEMI.US,SUNEDISON SEMICONDUCTOR
SENEA.US,SENECA FOODS
SENEB.US,SENECA FOODS
SEV.US,SEVCON
SFBC.US,SOUND FINANCIAL BANCORP
SFBS.US,SERVISFIRST BANCSHARES
SFLY.US,SHUTTERFLY
SFM.US,SPROUTS FARMERS MARKET
SFNC.US,SIMMONS FIRST NATIONAL
SFST.US,SOUTHERN FIRST BANCSHARES
SFXE.US,SFX ENTERTAINMENT
SGBK.US,STONEGATE BANK
SGC.US,SUPERIOR UNIFORM GROUP
SGEN.US,SEATTLE GENETICS
SGI.US,SILICON GRAPHICS INT
SGMA.US,SIGMATRON INT
SGMO.US,SANGAMO BIOSCIENCES
SGMS.US,SCIENTIFIC GAMES
SGNL.US,SIGNAL GENETICS
SGNT.US,SAGENT PHARMACEUTICALS
SGOC.US,SGOCO GROUP
SGRP.US,SPAR GROUP
SGRY.US,SURGERY PARTNERS
SGYP.US,SYNERGY PHARMACEUTICALS
SGYPU.US,SYNERGY PHARMACEUTICALS
SGYPW.US,SYNERGY PHARMACEUTICALS
SHBI.US,SHORE BANCSHARES
SHEN.US,SHENANDOAH TELECOMMUNICATIONS
SHIP.US,SEANERGY MARITIME HOLDINGS
SHLD.US,SEARS HOLDINGS
SHLDW.US,SEARS HOLDINGS
SHLM.US,A SCHULMAN
SHLO.US,SHILOH INDUSTRIES
SHOO.US,STEVEN MADDEN
SHOR.US,SHORETEL
SHOS.US,SEARS HOMETOWN AND OUTLET STORES
SHPG.US,SHIRE
SHSP.US,SHARPSPRING
SIAL.US,SIGMA-ALDRICH
SIBC.US,STATE INVESTORS BANCORP
SIEB.US,SIEBERT FINANCIAL
SIEN.US,SIENTRA
SIFI.US,SI FINANCIAL GROUP
SIFY.US,SIFY TECHNOLOGIES
SIGAQ.US,SIGA TECHNOLOGIES
SIGI.US,SELECTIVE INSURANCE GROUP
SIGM.US,SIGMA DESIGNS
SILC.US,SILICOM
SIMO.US,SILICON MOTION TECHNOLOGY
SINA.US,SINA
SINO.US,SINO-GLOBAL SHIPPING AMERICA
SIRI.US,SIRIUS XM HOLDINGS
SIRO.US,SIRONA DENTAL SYSTEMS
SITO.US,SITO MOBILE
SIVB.US,SVB FINANCIAL GROUP
SIVBO.US,SVB FINANCIAL GROUP
SIXD.US,6D GLOBAL TECHNOLOGIES
SKBI.US,SKYSTAR BIO-PHARMACEUTICAL
SKIS.US,PEAK RESORTS
SKLN.US,SKYLINE MEDICAL
SKLNU.US,SKYLINE MEDICAL
SKOR.US,FLEXSHARES CREDIT-SCORED US CORPORATE BOND INDEX FUND
SKUL.US,SKULLCANDY
SKYS.US,SKY SOLAR HOLDINGS
SKYW.US,SKYWEST
SKYY.US,FIRST TRUST ISE CLOUD COMPUTING INDEX FUND
SLAB.US,SILICON LABORATORIES
SLCT.US,SELECT BANCORP
SLGN.US,SILGAN HOLDINGS
SLM.US,SLM
SLMAP.US,SLM
SLMBP.US,SLM
SLP.US,SIMULATIONS PLUS
SLRC.US,SOLAR CAPITAL
SLTD.US,SOLAR3D
SLVO.US,CREDIT SUISSE X-LINKS SILVER SHARES COVERED CALL ETN
SMBC.US,SOUTHERN MISSOURI BANCORP
SMCI.US,SUPER MICRO COMPUTER
SMCP.US,ALPHAMARK ACTIVELY MANAGED SMALL CAP ETF
SMED.US,SHARPS COMPLIANCE
SMIT.US,SCHMITT INDUSTRIES
SMLR.US,SEMLER SCIENTIFIC
SMMF.US,SUMMIT FINANCIAL GROUP
SMMT.US,SUMMIT THERAPEUTICS
SMRT.US,STEIN MART
SMSI.US,SMITH MICRO SOFTWARE
SMT.US,SMART TECHNOLOGIES
SMTC.US,SEMTECH
SMTX.US,SMTC
SNAK.US,INVENTURE FOODS
SNBC.US,SUN BANCORP
SNC.US,STATE NATIONAL COS
SNCR.US,SYNCHRONOSS TECHNOLOGIES
SNDK.US,SANDISK
SNDX.US,SYNDAX PHARMACEUTICALS
SNFCA.US,SECURITY NATIONAL FINANCIAL
SNHY.US,SUN HYDRAULICS
SNMX.US,SENOMYX
SNPS.US,SYNOPSYS
SNSS.US,SUNESIS PHARMACEUTICALS
SNTA.US,SYNTA PHARMACEUTICALS
SOCB.US,SOUTHCOAST FINANCIAL
SOCL.US,GLOBAL X SOCIAL MEDIA ETF
SODA.US,SODASTREAM INT
SOFO.US,SONIC FOUNDRY
SOHO.US,SOTHERLY HOTELS
SOHOL.US,SOTHERLY HOTELS
SOHOM.US,SOTHERLY HOTELS
SOHU.US,SOHU.COM
SONA.US,SOUTHERN NATIONAL BANCORP OF VIRGINIA
SONC.US,SONIC
SONS.US,SONUS NETWORKS
SORL.US,SORL AUTO PARTS
SOXX.US,ISHARES PHLX SEMICONDUCTOR ETF
SP.US,SP PLUS
SPAN.US,SPAN-AMERICA MEDICAL SYSTEMS
SPAR.US,SPARTAN MOTORS
SPCB.US,SUPERCOM
SPDC.US,SPEED COMMERCE
SPEX.US,SPHERIX
SPHS.US,SOPHIRIS BIO
SPIL.US,SILICONWARE PRECISION INDUSTRIES
SPKE.US,SPARK ENERGY
SPLK.US,SPLUNK
SPLS.US,STAPLES
SPNC.US,THE SPECTRANETICS
SPNE.US,SEASPINE HOLDINGS
SPNS.US,SAPIENS INT
SPOK.US,SPOK HOLDINGS
SPPI.US,SPECTRUM PHARMACEUTICALS
SPRO.US,SMARTPROS
SPRT.US,SUPPORT.COM
SPSC.US,SPS COMMERCE
SPTN.US,SPARTANNASH
SPU.US,SKYPEOPLE FRUIT JUICE
SPWH.US,SPORTSMAN'S WAREHOUSE HOLDINGS
SPWR.US,SUNPOWER
SQBG.US,SEQUENTIAL BRANDS GROUP
SQI.US,SCIQUEST
SQNM.US,SEQUENOM
SQQQ.US,PROSHARES ULTRAPRO SHORT QQQ
SRCE.US,1ST SOURCE
SRCL.US,STERICYCLE
SRCLP.US,STERICYCLE
SRDX.US,SURMODICS
SRET.US,GLOBAL X SUPERDIVIDEND REIT ETF
SREV.US,SERVICESOURCE INT
SRNE.US,SORRENTO THERAPEUTICS
SRPT.US,SAREPTA THERAPEUTICS
SRSC.US,SEARS CANADA
SRVA.US,SIRVA
SSB.US,SOUTH STATE
SSBI.US,SUMMIT STATE BANK
SSFN.US,STEWARDSHIP FINANCIAL
SSH.US,SUNSHINE HEART
SSNC.US,SS&C TECHNOLOGIES HOLDINGS
SSRG.US,SYMMETRY SURGICAL
SSRI.US,SILVER STANDARD RESOURCES
SSYS.US,STRATASYS
STAA.US,STAAR SURGICAL
STAF.US,STAFFING 360 SOLUTIONS
STB.US,STUDENT TRANSPORTATION
STBA.US,S&T BANCORP
STBZ.US,STATE BANK FINANCIAL
STCK.US,BMC STOCK HOLDINGS
STDY.US,STEADYMED
STEM.US,STEMCELLS
STFC.US,STATE AUTO FINANCIAL
STGG.US,GLOBAL DEFENSE & NATIONAL SECURITY SYSTEMS
STIM.US,ENDOSTIM
STKL.US,SUNOPTA
STKS.US,THE ONE GROUP HOSPITALITY
STLD.US,STEEL DYNAMICS
STLY.US,STANLEY FURNITURE
STML.US,STEMLINE THERAPEUTICS
STMP.US,STAMPS.COM
STNR.US,STEINER LEISURE
STPP.US,IPATH US TREASURY STEEPENER ETN
STRA.US,STRAYER EDUCATION
STRL.US,STERLING CONSTRUCTION
STRM.US,STREAMLINE HEALTH SOLUTIONS
STRS.US,STRATUS PROPERTIES
STRT.US,STRATTEC SECURITY
STRZA.US,STARZ
STRZB.US,STARZ
STX.US,SEAGATE TECHNOLOGY
STXS.US,STEREOTAXIS
SUBK.US,SUFFOLK BANCORP
SUMR.US,SUMMER INFANT
SUNS.US,SOLAR SENIOR CAPITAL
SUPN.US,SUPERNUS PHARMACEUTICALS
SVA.US,SINOVAC BIOTECH
SVBI.US,SEVERN BANCORP
SVVC.US,FIRSTHAND TECHNOLOGY VALUE FUND
SWHC.US,SMITH & WESSON HOLDING
SWIR.US,SIERRA WIRELESS
SWKS.US,SKYWORKS SOLUTIONS
SWSH.US,SWISHER HYGIENE
SXCL.US,STEEL EXCEL
SYBT.US,STOCK YARDS BANCORP
SYKE.US,SYKES ENTERPRISES
SYMC.US,SYMANTEC
SYMX.US,SYNTHESIS ENERGY SYSTEMS
SYNA.US,SYNAPTICS
SYNC.US,SYNACOR
SYNL.US,SYNALLOY
SYNT.US,SYNTEL
SYPR.US,SYPRIS SOLUTIONS
SYRX.US,SYSOREX GLOBAL HOLDINGS
SYUT.US,SYNUTRA INT
SZMK.US,SIZMEK
SZYM.US,SOLAZYME
TACO.US,DEL TACO RESTAURANTS
TACOW.US,DEL TACO RESTAURANTS
TACT.US,TRANSACT TECHNOLOGIES
TAIT.US,TAITRON COMPONENTS
TANH.US,TANTECH HOLDINGS
TAPR.US,BARCLAYS INVERSE US TREASURY COMPOSITE ETN
TASR.US,TASER INT
TAST.US,CARROLS RESTAURANT GROUP
TATT.US,TAT TECHNOLOGIES
TAX.US,LIBERTY TAX
TAXI.US,MEDALLION FINANCIAL
TAYD.US,TAYLOR DEVICES
TBBK.US,THE BANCORP
TBIO.US,TRANSGENOMIC
TBK.US,TRIUMPH BANCORP
TBNK.US,TERRITORIAL BANCORP
TBPH.US,THERAVANCE BIOPHARMA
TBRA.US,TOBIRA THERAPEUTICS
TCBI.US,TEXAS CAPITAL BANCSHARES
TCBIL.US,TEXAS CAPITAL BANCSHARES
TCBIP.US,TEXAS CAPITAL BANCSHARES
TCBIW.US,TEXAS CAPITAL BANCSHARES
TCBK.US,TRICO BANCSHARES
TCCO.US,TECHNICAL COMMUNICATIONS
TCFC.US,THE COMMUNITY FINANCIAL
TCON.US,TRACON PHARMACEUTICALS
TCPC.US,TCP CAPITAL
TCRD.US,THL CREDIT
TCX.US,TUCOWS
TDIV.US,FIRST TRUST NASDAQ TECHNOLOGY DIVIDEND INDEX FUND
TEAM.US,ATLASSIAN
TEAR.US,TEARLAB
TECD.US,TECH DATA
TECH.US,BIO-TECHNE
TEDU.US,TARENA INT
TENX.US,TENAX THERAPEUTICS
TERP.US,TERRAFORM POWER
TESO.US,TESCO
TESS.US,TESSCO TECHNOLOGIES
TFM.US,THE FRESH MARKET
TFSC.US,1347 CAPITAL
TFSCR.US,1347 CAPITAL
TFSCU.US,1347 CAPITAL
TFSCW.US,1347 CAPITAL
TFSL.US,TFS FINANCIAL
TGA.US,TRANSGLOBE ENERGY
TGEN.US,TECOGEN
TGLS.US,TECNOGLASS
TGTX.US,TG THERAPEUTICS
THFF.US,FIRST FINANCIAL INDIANA
THLD.US,THRESHOLD PHARMACEUTICALS
THRM.US,GENTHERM
THRX.US,THERAVANCE
THST.US,TRUETT-HURST
THTI.US,THT HEAT TRANSFER TECHNOLOGY
TICC.US,TICC CAPITAL
TIGR.US,TIGERLOGIC
TIL.US,TILL CAPITAL
TILE.US,INTERFACE
TINY.US,HARRIS & HARRIS GROUP
TIPT.US,TIPTREE FINANCIAL
TISA.US,TOP IMAGE SYSTEMS
TITN.US,TITAN MACHINERY
TIVO.US,TIVO
TKAI.US,TOKAI PHARMACEUTICALS
TLF.US,TANDY LEATHER FACTORY
TLGT.US,TELIGENT
TLMR.US,TALMER BANCORP
TLOG.US,TETRALOGIC PHARMACEUTICALS
TMPSW.US,CHART ACQUISITION
TMUSP.US,T-MOBILE US
TNAV.US,TELENAV
TNDM.US,TANDEM DIABETES CARE
TNGO.US,TANGOE
TNXP.US,TONIX PHARMACEUTICALS HOLDING
TOPS.US,TOP SHIPS
TOR.US,SUTOR TECHNOLOGY GROUP
TORM.US,TOR MINERALS INT
TOUR.US,TUNIU
TOWN.US,TOWNE BANK
TQQQ.US,PROSHARES ULTRAPRO QQQ
TRCB.US,TWO RIVER BANCORP
TRCH.US,TORCHLIGHT ENERGY RESOURCES
TREE.US,LENDINGTREE
TRIB.US,TRINITY BIOTECH
TRIL.US,TRILLIUM THERAPEUTICS
TRIP.US,TRIPADVISOR
TRIV.US,TRIVASCULAR TECHNOLOGIES
TRMB.US,TRIMBLE NAVIGATION
TRMK.US,TRUSTMARK
TRNS.US,TRANSCAT
TROV.US,TROVAGENE
TROVU.US,TROVAGENE
TROVW.US,TROVAGENE
TROW.US,T ROWE PRICE GROUP
TRS.US,TRIMAS
TRST.US,TRUSTCO BANK NY
TRTL.US,TERRAPIN 3 ACQUISITION
TRTLU.US,TERRAPIN 3 ACQUISITION
TRTLW.US,TERRAPIN 3 ACQUISITION
TRUE.US,TRUECAR
TRVN.US,TREVENA
TSBK.US,TIMBERLAND BANCORP
TSC.US,TRISTATE CAPITAL HOLDINGS
TSCO.US,TRACTOR SUPPLY
TSEM.US,TOWER SEMICONDUCTOR
TSLA.US,TESLA MOTORS
TSRA.US,TESSERA TECHNOLOGIES
TSRI.US,TSR
TSRO.US,TESARO
TST.US,THESTREET
TSYS.US,TELECOMMUNICATION SYSTEMS
TTEC.US,TELETECH HOLDINGS
TTEK.US,TETRA TECH
TTGT.US,TECHTARGET
TTHI.US,TRANSITION THERAPEUTICS
TTMI.US,TTM TECHNOLOGIES
TTNP.US,TITAN PHARMACEUTICALS
TTOO.US,T2 BIOSYSTEMS
TTPH.US,TETRAPHASE PHARMACEUTICALS
TTS.US,TILE SHOP HOLDINGS
TTWO.US,TAKE-TWO INTERACTIVE SOFTWARE
TUBE.US,TUBEMOGUL
TUES.US,TUESDAY MORNING
TUSA.US,FIRST TRUST TOTAL US MARKET ALPHADEX ETF
TUTI.US,TUTTLE TACTICAL MANAGEMENT MULTI-STRATEGY INCOME ETF
TUTT.US,TUTTLE TACTICAL MANAGEMENT US CORE ETF
TVIX.US,VELOCITYSHARES DAILY 2X VIX SHORT TERM ETN
TVIZ.US,VELOCITYSHARES DAILY 2X VIX MEDIUM TERM ETN
TW.US,TOWERS WATSON
TWER.US,TOWERSTREAM
TWIN.US,TWIN DISC
TWMC.US,TRANS WORLD ENTERTAINMENT
TWOU.US,2U
TXN.US,TEXAS INSTRUMENTS
TXRH.US,TEXAS ROADHOUSE
TYPE.US,MONOTYPE IMAGING HOLDINGS
TZOO.US,TRAVELZOO
UACL.US,UNIVERSAL TRUCKLOAD SERVICES
UAE.US,ISHARES MSCI UAE CAPPED ETF
UBCP.US,UNITED BANCORP
UBFO.US,UNITED SECURITY BANCSHARES
UBIC.US,UBIC
UBIO.US,PROSHARES ULTRAPRO NASDAQ BIOTECHNOLOGY
UBND.US,WISDOMTREE WESTERN ASSET UNCONSTRAINED BOND FUND
UBNK.US,UNITED FINANCIAL BANCORP
UBNT.US,UBIQUITI NETWORKS
UBOH.US,UNITED BANCSHARES
UBSH.US,UNION BANKSHARES
UBSI.US,UNITED BANKSHARES
UCBA.US,UNITED COMMUNITY BANCORP
UCBI.US,UNITED COMMUNITY BANKS
UCFC.US,UNITED COMMUNITY FINANCIAL
UCTT.US,ULTRA CLEAN HOLDINGS
UDF.US,UNITED DEVELOPMENT FUNDING IV
UEIC.US,UNIVERSAL ELECTRONICS
UEPS.US,NET 1 UEPS TECHNOLOGIES
UFCS.US,UNITED FIRE GROUP
UFPI.US,UNIVERSAL FOREST PRODUCTS
UFPT.US,UFP TECHNOLOGIES
UG.US,UNITED-GUARDIAN
UGLD.US,VELOCITYSHARES 3X LONG GOLD ETN LINKED TO THE S&P GSCI GOLD
UHAL.US,AMERCO
UIHC.US,UNITED INSURANCE HOLDINGS
UK.US,RECON CAPITAL FTSE 100 ETF
ULBI.US,ULTRALIFE
ULTA.US,ULTA SALON COSMETICS & FRAGRANCE
ULTI.US,THE ULTIMATE SOFTWARE GROUP
ULTR.US,ULTRAPETROL BAHAMAS
UMBF.US,UMB FINANCIAL
UMPQ.US,UMPQUA HOLDINGS
UNAM.US,UNICO AMERICAN
UNB.US,UNION BANKSHARES
UNFI.US,UNITED NATURAL FOODS
UNIS.US,UNILIFE
UNTD.US,UNITED ONLINE
UNTY.US,UNITY BANCORP
UNXL.US,UNI-PIXEL
UPIP.US,UNWIRED PLANET
UPLD.US,UPLAND SOFTWARE
URBN.US,URBAN OUTFITTERS
UREE.US,US RARE EARTHS
URRE.US,URANIUM RESOURCES
USAK.US,USA TRUCK
USAP.US,UNIVERSAL STAINLESS & ALLOY PRODUCTS
USAT.US,USA TECHNOLOGIES
USATP.US,USA TECHNOLOGIES
USBI.US,UNITED SECURITY BANCSHARES
USCR.US,US CONCRETE
USEG.US,US ENERGY WYOMING
USLB.US,POWERSHARES RUSSELL LOW BETA EQUAL WEIGHT PORTFOLIO
USLM.US,UNITED STATES LIME & MINERALS
USLV.US,VELOCITYSHARES 3X LONG SILVER ETN LINKED TO THE S&P GSCI SILVER
USMD.US,USMD HOLDINGS
UTEK.US,ULTRATECH
UTES.US,REAVES UTILITIES ETF
UTHR.US,UNITED THERAPEUTICS
UTIW.US,UTI WORLDWIDE
UTMD.US,UTAH MEDICAL PRODUCTS
UTSI.US,UTSTARCOM HOLDINGS
UVSP.US,UNIVEST OF PENNSYLVANIA
VA.US,VIRGIN AMERICA
VALU.US,VALUE LINE
VALX.US,VALIDEA MARKET LEGENDS ETF
VASC.US,VASCULAR SOLUTIONS
VBFC.US,VILLAGE BANK AND TRUST FINANCIAL
VBIV.US,VBI VACCINES
VBLT.US,VASCULAR BIOGENICS
VBND.US,VIDENT CORE US BOND STRATEGY FUND
VBTX.US,VERITEX HOLDINGS
VCEL.US,VERICEL
VCIT.US,VANGUARD INTERMEDIATE-TERM CORPORATE BOND ETF
VCLT.US,VANGUARD LONG-TERM CORPORATE BOND ETF
VCSH.US,VANGUARD SHORT-TERM CORPORATE BOND ETF
VCYT.US,VERACYTE
VDSI.US,VASCO DATA SECURITY INT
VDTH.US,VIDEOCON D2H
VECO.US,VEECO INSTRUMENTS
VGGL.US,VIGGLE
VGIT.US,VANGUARD INTERMEDIATE-TERM GOVERNMENT BOND ETF
VGLT.US,VANGUARD LONG-TERM GOVERNMENT BOND ETF
VGSH.US,VANGUARD SHORT-TERM GOVERNMENT BOND ETF
VIA.US,VIACOM
VIAB.US,VIACOM
VIAV.US,VIAVI SOLUTIONS
VICL.US,VICAL
VICR.US,VICOR
VIDE.US,VIDEO DISPLAY
VIDI.US,VIDENT INT EQUITY FUND
VIIX.US,VELOCITYSHARES VIX SHORT TERM ETN
VIIZ.US,VELOCITYSHARES VIX MEDIUM TERM ETN
VIMC.US,VIMICRO INT
VIP.US,VIMPELCOM
VIRC.US,VIRCO MANUFACTURING
VIRT.US,VIRTU FINANCIAL
VISN.US,VISIONCHINA MEDIA
VIVO.US,MERIDIAN BIOSCIENCE
VKTX.US,VIKING THERAPEUTICS
VLGEA.US,VILLAGE SUPER MARKET
VLRX.US,VALERITAS
VLTC.US,VOLTARI
VMBS.US,VANGUARD MORTGAGE-BACKED SECURITIES ETF
VNDA.US,VANDA PHARMACEUTICALS
VNET.US,21VIANET GROUP
VNOM.US,VIPER ENERGY PARTNERS
VNQI.US,VANGUARD GLOBAL EX-U.S. REAL ESTATE ETF
VNR.US,VANGUARD NATURAL RESOURCES
VNRAP.US,VANGUARD NATURAL RESOURCES
VNRBP.US,VANGUARD NATURAL RESOURCES
VNRCP.US,VANGUARD NATURAL RESOURCES
VOD.US,VODAFONE GROUP
VONE.US,VANGUARD RUSSELL 1000
VONG.US,VANGUARD RUSSELL 1000 GROWTH ETF
VONV.US,VANGUARD RUSSELL 1000 VALUE
VOXX.US,VOXX INT
VPCO.US,VAPOR
VPCOU.US,VAPOR
VRA.US,VERA BRADLEY
VRML.US,VERMILLION
VRNG.US,VRINGO
VRNS.US,VARONIS SYSTEMS
VRNT.US,VERINT SYSTEMS
VRSK.US,VERISK ANALYTICS
VRSN.US,VERISIGN
VRTA.US,VESTIN REALTY MORTGAGE I
VRTB.US,VESTIN REALTY MORTGAGE II
VRTS.US,VIRTUS INVESTMENT PARTNERS
VRTU.US,VIRTUSA
VRTX.US,VERTEX PHARMACEUTICALS
VSAR.US,VERSARTIS
VSAT.US,VIASAT
VSCP.US,VIRTUALSCOPICS
VSEC.US,VSE
VSTM.US,VERASTEM
VTAE.US,VITAE PHARMACEUTICALS
VTHR.US,VANGUARD RUSSELL 3000
VTIP.US,VANGUARD SHORT-TERM INFLATION-PROTECTED SECURITIES ETF
VTL.US,VITAL THERAPIES
VTNR.US,VERTEX ENERGY
VTVT.US,VTV THERAPEUTICS
VTWG.US,VANGUARD RUSSELL 2000 GROWTH
VTWO.US,VANGUARD RUSSELL 2000
VTWV.US,VANGUARD RUSSELL 2000 VALUE
VUSE.US,VIDENT CORE US EQUITY ETF
VUZI.US,VUZIX
VVUS.US,VIVUS
VWOB.US,VANGUARD EMERGING MARKETS GOVERNMENT BOND ETF
VWR.US,VWR
VXDN.US,ACCUSHARES SPOT CBOE VIX DOWN SHARES ETF
VXUP.US,ACCUSHARES SPOT CBOE VIX UP SHARES ETF
VXUS.US,VANGUARD TOTAL INT STOCK ETF
VYGR.US,VOYAGER THERAPEUTICS
WABC.US,WESTAMERICA BANCORPORATION
WAFD.US,WASHINGTON FEDERAL
WAFDW.US,WASHINGTON FEDERAL
WASH.US,WASHINGTON TRUST BANCORP
WATT.US,ENERGOUS
WAVX.US,WAVE SYSTEMS
WAYN.US,WAYNE SAVINGS BANCSHARES
WB.US,WEIBO
WBA.US,WALGREENS BOOTS ALLIANCE
WBB.US,WESTBURY BANCORP
WBKC.US,WOLVERINE BANCORP
WBMD.US,WEBMD HEALTH
WDC.US,WESTERN DIGITAL
WDFC.US,WD-40
WEB.US,WEB.COM GROUP
WEBK.US,WELLESLEY BANK
WEN.US,WENDY&#39;S COMPANY
WERN.US,WERNER ENTERPRISES
WETF.US,WISDOMTREE INVESTMENTS
WEYS.US,WEYCO GROUP
WFBI.US,WASHINGTONFIRST BANKSHARES
WFD.US,WESTFIELD FINANCIAL
WFM.US,WHOLE FOODS MARKET
WGBS.US,WAFERGEN BIO-SYSTEMS
WHF.US,WHITEHORSE FINANCE
WHFBL.US,WHITEHORSE FINANCE
WHLM.US,WILHELMINA INT
WHLR.US,WHEELER REAL ESTATE INVESTMENT TRUST
WHLRP.US,WHEELER REAL ESTATE INVESTMENT TRUST
WHLRW.US,WHEELER REAL ESTATE INVESTMENT TRUST
WIBC.US,WILSHIRE BANCORP
WIFI.US,BOINGO WIRELESS
WILC.US,G WILLI-FOOD INT
WILN.US,WI-LAN
WIN.US,WINDSTREAM HOLDINGS
WINA.US,WINMARK
WING.US,WINGSTOP
WIRE.US,ENCORE WIRE
WIX.US,WIX.COM
WLB.US,WESTMORELAND COAL
WLDN.US,WILLDAN GROUP
WLFC.US,WILLIS LEASE FINANCE
WLRH.US,WL ROSS HOLDING
WLRHU.US,WL ROSS HOLDING
WLRHW.US,WL ROSS HOLDING
WMAR.US,WEST MARINE
WMGI.US,WRIGHT MEDICAL GROUP
WMGIZ.US,WRIGHT MEDICAL GROUP
WMIH.US,WMIH
WNFM.US,WAYNE FARMS
WOOD.US,ISHARES GLOBAL TIMBER & FORESTRY ETF
WOOF.US,VCA
WOWO.US,WOWO
WPCS.US,WPCS INT
WPPGY.US,WPP
WPRT.US,WESTPORT INNOVATIONS
WRES.US,WARREN RESOURCES
WRLD.US,WORLD ACCEPTANCE
WSBC.US,WESBANCO
WSBF.US,WATERSTONE FINANCIAL
WSCI.US,WSI INDUSTRIES
WSFS.US,WSFS FINANCIAL
WSFSL.US,WSFS FINANCIAL
WSTC.US,WEST
WSTG.US,WAYSIDE TECHNOLOGY GROUP
WSTL.US,WESTELL TECHNOLOGIES
WTBA.US,WEST BANCORPORATION
WTFC.US,WINTRUST FINANCIAL
WTFCM.US,WINTRUST FINANCIAL
WTFCW.US,WINTRUST FINANCIAL
WVE.US,WAVE LIFE SCIENCES PTE
WVFC.US,WVS FINANCIAL
WVVI.US,WILLAMETTE VALLEY VINEYARDS
WVVIP.US,WILLAMETTE VALLEY VINEYARDS
WWD.US,WOODWARD
WYIG.US,JM GLOBAL HOLDING COMPANY
WYIGU.US,JM GLOBAL HOLDING COMPANY
WYIGW.US,JM GLOBAL HOLDING COMPANY
WYNN.US,WYNN RESORTS
XBIT.US,XBIOTECH
XBKS.US,XENITH BANKSHARES
XCOM.US,XTERA COMMUNICATIONS
XCRA.US,XCERRA
XELB.US,XCEL BRANDS
XENE.US,XENON PHARMACEUTICALS
XENT.US,INTERSECT ENT
XGTI.US,XG TECHNOLOGY
XGTIW.US,XG TECHNOLOGY
XIV.US,VELOCITYSHARES DAILY INVERSE VIX SHORT TERM ETN
XLNX.US,XILINX
XLRN.US,ACCELERON PHARMA
XNCR.US,XENCOR
XNET.US,XUNLEI
XNPT.US,XENOPORT
XOMA.US,XOMA
XONE.US,THE EXONE COMPANY
XOOM.US,XOOM
XPLR.US,XPLORE TECHNOLOGIES
XRAY.US,DENTSPLY INT
XRDC.US,CROSSROADS CAPITAL
XTLB.US,XTL BIOPHARMACEUTICALS
XXIA.US,IXIA
YCB.US,YOUR COMMUNITY BANKSHARES
YDIV.US,INT MULTI-ASSET DIVERSIFIED INCOME INDEX FUND
YDLE.US,YODLEE
YECO.US,YULONG ECO-MATERIALS
YHOO.US,YAHOO!
YLCO.US,GLOBAL X YIELDCO ETF
YNDX.US,YANDEX
YOD.US,YOU ON DEMAND HOLDINGS
YORW.US,THE YORK WATER COMPANY
YPRO.US,ADVISORSHARES YIELDPRO ETF
YRCW.US,YRC WORLDWIDE
YY.US,YY
Z.US,ZILLOW GROUP
ZAGG.US,ZAGG
ZAIS.US,ZAIS GROUP HOLDINGS
ZAZA.US,ZAZA ENERGY
ZBIO.US,PROSHARES ULTRAPRO SHORT NASDAQ BIOTECHNOLOGY
ZBRA.US,ZEBRA TECHNOLOGIES
ZEUS.US,OLYMPIC STEEL
ZFGN.US,ZAFGEN
ZG.US,ZILLOW GROUP
ZGNX.US,ZOGENIX
ZHNE.US,ZHONE TECHNOLOGIES
ZINC.US,HORSEHEAD HOLDING
ZION.US,ZIONS BANCORPORATION
ZIONW.US,ZIONS BANCORPORATION
ZIONZ.US,ZIONS BANCORPORATION
ZIOP.US,ZIOPHARM ONCOLOGY
ZIV.US,VELOCITYSHARES DAILY INVERSE VIX MEDIUM TERM ETN
ZIXI.US,ZIX
ZLTQ.US,ZELTIQ AESTHETICS
ZN.US,ZION OIL & GAS
ZNGA.US,ZYNGA
ZNWAA.US,ZION OIL & GAS
ZSAN.US,ZOSANO PHARMA
ZSPH.US,ZS PHARMA
ZUMZ.US,ZUMIEZ
ZVV.US,SUPERMONTAGE TEST
ZVZZT.US,SUPERMONTAGE TEST
ZWZZT.US,SUPERMONTAGE TEST
ZXYZ-A.US,NASDAQ TEST TICKER EXPANDED SY
ZXZZT.US,SUPERMONTAGE TEST
ZYNE.US,ZYNERBA PHARMACEUTICALS
