17GK.UK,MEGAFON A
19PS.UK,KCELL JSC
365.UK,365 AGILE
3IN.UK,3I INFRASTRUCTURE
50GP.UK,CRODA INT.5.9PF
51FL.UK,ELECTRICA
66XD.UK,EDITA FOOD INDUSTRIES SAE
7DIG.UK,7DIGITAL GROUP
888.UK,888 HOLDINGS
88E.UK,88 ENERGY
AA4.UK,AMEDEO AIR FOUR PLUS
AAA.UK,ALL ASIA ASSET CAPITAL
AAAP.UK,ANGLO AFRICAN AGRICULTURE
AADV.UK,ALBION DEVELOPMENT VCT
AAEV.UK,ALBION ENTERPRISE VCT
AAIF.UK,ABERDEEN ASIAN INCOME FUND
AAL.UK,ANGLO AMERICAN
AAM.UK,ARTEMIS VCT
AAS.UK,ABERDEEN ASIAN SMALLER COMPANIES INVESTMENT TRUST
AATG.UK,ALBION TECHNOLOGY & GENERAL VCT
AAU.UK,ARIANA RESOURCES
AAVC.UK,ALBION VENTURE CAPITAL TRUST
AAZ.UK,ANGLO ASIAN MINING
AA_.UK,AA
ABBY.UK,ABBEY
ABC.UK,ABCAM
ABD.UK,ABERDEEN NEW DAWN INVESTMENT TRUST
ABDP.UK,AB DYNAMICS
ABF.UK,ASSOCIATED BRITISH FOODS
ABT.UK,ABBOTT LABORATORIES
ABTU.UK,AQUABOUNTY TECHNOLOGIES
ABTX.UK,AQUA BOUNTY TECHNOLOGIES
ABZA.UK,ABZENA
ACA.UK,ACACIA MINING
ACC.UK,ACCESS INTELLIGENCE
ACD.UK,ACENCIA DEBT STRATEGIES
ACE.UK,AUHUA CLEAN ENERGY
ACHL.UK,ASIAN CITRUS HOLDINGS
ACHP.UK,ASIA CERAMICS HOLDINGS
ACL.UK,ACAL
ACO.UK,ACORN MINERALS
ACP.UK,ARMADALE CAPITAL
ACSO.UK,ACCESSO TECHNOLOGY GROUP
ACT.UK,ACTUAL EXPERIENCE
ADA.UK,ADAMS
ADAM.UK,ADAMAS FINANCE ASIA
ADGO.UK,ADGORITHMS
ADL.UK,ANDALAS ENERGY AND POWER
ADM.UK,ADMIRAL GROUP
ADMF.UK,ADVANCE DEVELOPING MARKETS FUND
ADN.UK,ABERDEEN ASSET MANAGEMENT
ADSS.UK,ATLAS DEVELOPMENT & SUPPORT SERVICES
ADT.UK,ADEPT TELECOM
AEC.UK,AEC EDUCATION
AEFS.UK,ALCENTRA EUROPEAN FLOATING RATE INCOME FUND
AEG.UK,ACTIVE ENERGY GROUP
AEN.UK,ANDES ENERGIA
AEO.UK,AEOREMA COMMUNICATIONS
AEP.UK,ANGLO-EASTERN PLANTATIONS
AERL.UK,AER LINGUS GROUP
AERO.UK,STRAT AERO
AEWU.UK,AEW UK REIT
AEX.UK,AMINEX
AEY.UK,ANTRIM ENERGY
AFC.UK,AFC ENERGY
AFG.UK,AQUATIC FOODS GROUP
AFHP.UK,AFH FINANCIAL GROUP
AFMF.UK,ADVANCE FRONTIER MARKETS FUND
AFN.UK,ADVFN
AFPO.UK,AFRICAN POTASH
AFR.UK,AFREN
AFRB.UK,AFI DEVELOPMENT
AFRI.UK,AFRIAG
AFRK.UK,AFARAK GROUP OYJ
AFS.UK,AMIAD WATER SYSTEMS
AGA.UK,AGA RANGEMASTER GROUP
AGCG.UK,SOCIETE GENERALE EFFEKTEN GMBH
AGGS.UK,IPATH S&P GSCI AGRICULTURE INDEX TR ETN
AGIT.UK,ABERFORTH GEARED INCOME TRUST
AGIZ.UK,ABERFORTH GEARED INCOME TRUST
AGK.UK,AGGREKO
AGL.UK,ANGLE
AGM.UK,APPLIED GRAPHENE MATERIALS
AGOL.UK,ASHMORE GLOBAL OPPORTUNITIES
AGOU.UK,ASHMORE GLOBAL OPPORTUNITIES
AGP.UK,ASIAN GROWTH PROPERTIES
AGQ.UK,ARIAN SILVER
AGR.UK,ASSURA
AGRG.UK,UBS ETC AGRICULTURE GBP
AGRY.UK,UBS
AGTA.UK,AGRITERRA
AGY.UK,ALLERGY THERAPEUTICS
AHCG.UK,ACTION HOTELS
AHT.UK,ASHTEAD GROUP
AIA.UK,ALTIN
AIE.UK,ANITE
AIEA.UK,AIREA
AIF.UK,ACORN INCOME FUND
AIFZ.UK,ACORN INCOME FUND
AIR.UK,AIR PARTNER
AIRC.UK,AIR CHINA LD
AJG.UK,ATLANTIS JAPAN GROWTH FUND
AJIT.UK,ABERDEEN JAPAN INVESTMENT TRUST
AKR.UK,AKERS BIOSCIENCES
ALAI.UK,ABERDEEN LATIN AMERICAN INCOME FUND
ALAS.UK,ABERDEEN LATIN AMERICAN INCOME FUND
ALBA.UK,ALBA MINERAL RESOURCES
ALD.UK,ALDERMORE GROUP
ALF.UK,ALTERNATIVE LIQUIDITY FUND
ALK.UK,ALKANE ENERGY
ALLG.UK,ALL LEISURE GROUP
ALM.UK,ALLIED MINDS
ALNT.UK,ALENT
ALO.UK,ALECTO MINERALS
ALPH.UK,ALPHA PYRENEES TRUST
ALT.UK,ALTITUDE GROUP
ALU.UK,ALUMASC GROUP
ALUE.UK,UBS ETC ALUMINUM EUR
ALUG.UK,UBS ETC ALUMINUM GBP
ALUU.UK,UBS ETC ALUMINUM USD
ALY.UK,LAURA ASHLEY HOLDINGS
AMA.UK,AMARA MINING
AMBR.UK,AMBRIAN
AMC.UK,AMUR MINERALS
AMED.UK,AMEDEO RESOURCES
AMER.UK,AMERISUR RESOURCES
AMFW.UK,AMEC FOSTER WHEELER
AML.UK,AMLIN
AMO.UK,AMINO TECHNOLOGIES
AMP.UK,AMPHION INNOVATIONS
AMPH.UK,AGGREGATED MICRO POWER HOLDINGS
AMR.UK,ARMOUR GROUP
AMS.UK,ADVANCED MEDICAL SOLUTIONS GROUP
ANA.UK,ALL NIPPON AIRWAYS LD
ANCR.UK,ANIMALCARE GROUP
ANH.UK,AL NOOR HOSPITALS GROUP
ANP.UK,ANPARIO
ANR.UK,ALTONA ENERGY
ANTO.UK,ANTOFAGASTA
ANW.UK,ABERDEEN NEW THAI INVESTMENT TRUST
AN_.UK,ALTERNATIVE NETWORKS
AOF.UK,AFRICA OPPORTUNITY FUND
AOFC.UK,AFRICA OPPORTUNITY FUND
AOR.UK,AORTECH INT
AO_.UK,AO WORLD
APAX.UK,APAX GLOBAL ALPHA
APC.UK,APC TECHNOLOGY GROUP
APEF.UK,ABERDEEN PRIVATE EQUITY FUND
APF.UK,ANGLO PACIFIC GROUP
APGN.UK,APPLEGREEN
APH.UK,ALLIANCE PHARMA
APR.UK,APR ENERGY
APT.UK,AXA PROPERTY TRUST
AQP.UK,AQUARIUS PLATINUM
ARBB.UK,ARBUTHNOT BANKING GROUP
ARC.UK,ARCONTECH GROUP
ARCH.UK,ARC CAPITAL HOLDINGS
ARDN.UK,ARDEN PARTNERS
ARG.UK,ARGOS RESOURCES
ARGO.UK,ARGO GROUP
ARGP.UK,ALPHA RETURNS GROUP
ARL.UK,ATLANTIS RESOURCES
ARM.UK,ARM HOLDINGS
ARMS.UK,BUMI
ARO.UK,ARRICANO REAL ESTATE
ARR.UK,AURORA INVESTMENT TRUST
ARS.UK,ASIAMET RESOURCES
ARTA.UK,ARTILIUM
ARTL.UK,ALPHA REAL TRUST
ARW.UK,ARROW GLOBAL GROUP
ASA.UK,ASA RESOURCE GROUP
ASBE.UK,ASSOCIATED BRITISH ENGINEERING
ASC.UK,ASOS
ASCH.UK,ABERDEEN SMALLER COMPANIES HIGH INCOME TRUST
ASH.UK,ASHLEY HOUSE
ASHM.UK,ASHMORE GROUP
ASL.UK,ABERFORTH SMALLER COMPANIES TRUST
ASPL.UK,ASEANA PROPERTIES
AST.UK,ASCENT RESOURCES
ASTO.UK,ASSETCO
ASY.UK,ANDREWS SYKES GROUP
AT2.UK,AMATI VCT 2
ATC.UK,ATLANTIC COAL
ATI.UK,AMATI VCT
ATIA.UK,ATIA GROUP LD
ATK.UK,WS ATKINS
ATMA.UK,ATLAS MARA
ATQT.UK,ATTRAQT GROUP
ATR.UK,ASIAN TR INVESTMENT
ATS.UK,ARTEMIS ALPHA TRUST
ATSS.UK,ARTEMIS ALPHA TRUST
ATST.UK,ALLIANCE TRUST
ATT.UK,ALLIANZ TECHNOLOGY TRUST
ATY.UK,ATHELNEY TRUST
ATYM.UK,ATALAYA MINING
AUCT.UK,AUCTUS GROWTH
AUDP.UK,ETFS LONG AUD SHORT USD
AUE.UK,AUREUS MINING
AUG.UK,AUGEAN
AUGB.UK,ETFS SHORT AUD LONG GBP
AUK.UK,AUKETT SWANKE GROUP
AUKT.UK,ABERDEEN UK TRACKER TRUST
AUM.UK,AURASIAN MINERALS
AUP3.UK,ETFS 3X LONG AUD SHORT GBP
AUR.UK,AURUM MINING
AURR.UK,AURORA RUSSIA
AUTO.UK,AUTO TRADER GROUP
AVA.UK,AVANTI CAPITAL
AVAP.UK,AVATION
AVCT.UK,AVACTA GROUP
AVG.UK,AVINGTRANS
AVM.UK,AVOCET MINING
AVN.UK,AVANTI COMMUNICATIONS GROUP
AVO.UK,ADVANCED ONCOTHERAPY
AVON.UK,AVON RUBBER
AVP.UK,ARMSTRONG VENTURES
AVR.UK,AVARAE GLOBAL COINS
AVS.UK,AVESCO GROUP
AVV.UK,AVEVA GROUP
AV_.UK,AVIVA
AV_A.UK,AVIVA
AV_B.UK,AVIVA
AXBA.UK,AXIS BANK
AXI.UK,AXIOM EUROPEAN FINANCIAL DEBT FUND
AXM.UK,ALEXANDER MINING
AXS.UK,ACCSYS TECHNOLOGIES
AYM.UK,ANGLESEY MINING
AZN.UK,ASTRAZENECA
AZO.UK,AZONTO PETROLEUM
B8F.UK,BIOFRONTERA
BA05.UK,MORGAN ADVANCED MATERIAL
BA29.UK,MORGAN ADVANCED MATERIAL
BA47.UK,CITY OF LONDON INVESTMEN
BA69.UK,CITY OF LONDON INVESTMEN
BAB.UK,BABCOCK INT GROUP
BABS.UK,BLUECREST ALLBLUE FUND
BABU.UK,BLUECREST ALLBLUE FUND
BAC.UK,BANK OF AMERICA
BACT.UK,BACIT
BAF.UK,BRITISH & AMERICAN INVESTMENT TRUST
BAG.UK,A.G.BARR
BAGR.UK,BAGIR GROUP
BAR.UK,ECLECTIC BAR GROUP
BARC.UK,BARCLAYS
BATS.UK,BRITISH AMERICAN TOBACCO
BAV.UK,BARONSMEAD VCT 5
BA_.UK,BAE SYSTEMS
BB39.UK,HENDERSON GLOBAL TRUST P
BB90.UK,JOHN LEWIS
BBA.UK,BBA AVIATION
BBGI.UK,BILFINGER BERGER GLOBAL INFRASTRUCTURE S
BBOX.UK,TRITAX BIG BOX REIT
BBTS.UK,BLUECREST BLUETREND
BBY.UK,BALFOUR BEATTY
BC12.UK,BETTER CAPITAL PCC
BC32.UK,JOHN LEWIS
BC88.UK,CHEMRING GROUP
BC94.UK,SAMSUNG ELECTRONICS
BCA.UK,BCA MARKETPLACE
BCAP.UK,BETTER CAPITAL PCC
BCB.UK,BCB HOLDINGS
BCGR.UK,BLUE CAPITAL GLOBAL REINSURANCE FUND
BCN.UK,BACANORA MINERALS
BCRE.UK,BRACK CAPITAL REAL ESTATE BV
BD15.UK,TATE & LYLE
BD32.UK,LEWIS PARTNERSHIP
BD45.UK,LEWIS PARTNERSHIP
BDEV.UK,BARRATT DEVELOPMENTS
BDI.UK,BOND INT SOFTWARE
BDV.UK,BARONSMEAD VCT
BEE.UK,BARING EMERGING EUROPE
BEEP.UK,BLACKROCK EMERGING EUROPE
BEG.UK,BEGBIES TRAYNOR GROUP
BEM.UK,BEOWULF MINING
BET.UK,BETFAIR GROUP
BEZ.UK,BEAZLEY
BFA.UK,BASF SE
BGEO.UK,BGEO GROUP
BGFD.UK,BAILLIE GIFFORD JAPAN TRUST
BGHL.UK,BOUSSARD & GAVAUDAN HOLDING
BGHS.UK,BOUSSARD & GAVAUDAN HOLDING
BGLF.UK,BLACKSTONE/GSO LOAN FI
BGO.UK,BANGO
BGS.UK,BAILLIE GIFFORD SHIN NIPPON
BG_.UK,BG GROUP
BHGG.UK,BH GLOBAL
BHGU.UK,BH GLOBAL
BHME.UK,BH MACRO
BHMG.UK,BH MACRO
BHMU.UK,BH MACRO
BHRD.UK,BE HEARD GROUP
BHY.UK,HENRY BOOT
BILB.UK,BILBY
BILL.UK,BILLING SERVICES GROUP
BILN.UK,BILLINGTON HOLDINGS
BIOG.UK,BIOTECH GROWTH TRUST
BIOM.UK,BIOME TECHNOLOGIES
BISI.UK,BISICHI MINING
BIST.UK,BLACKROCK INCOME STRATEGIES TRUST
BJU.UK,BRAINJUICER GROUP
BKG.UK,BERKELEY GROUP HOLDINGS
BKIC.UK,BANK OF IRELAND
BKIR.UK,BANK OF IRELAND
BKSA.UK,BLACK SEA PROPERTY FUND
BKY.UK,BERKELEY ENERGIA
BLEY.UK,CH BAILEY
BLND.UK,BRITISH LAND COMPANY
BLNX.UK,BLINKX
BLP.UK,BLUE PLANET INVESTMENT TRUST
BLT.UK,BHP BILLITON
BLU.UK,BLUE STAR CAPITAL
BLUR.UK,BLUR GROUP
BLV.UK,BELVOIR LETTINGS
BLVN.UK,BOWLEVEN
BMD.UK,BARONSMEAD VCT 3
BME.UK,B&M EUROPEAN VALUE RETAIL
BMK.UK,BENCHMARK HOLDINGS
BMN.UK,BUSHVELD MINERALS
BMR.UK,BMR MINING
BMS.UK,BRAEMAR SHIPPING SERVICES
BMT.UK,TF & JH BRAIME HOLDINGS
BMTO.UK,TF & JH BRAIME HOLDINGS
BMY.UK,BLOOMSBURY PUBLISHING
BNC.UK,BANCO SANTANDER
BNK.UK,BANKERS PETROLEUM
BNKR.UK,BANKERS INVESTMENT TRUST
BNR.UK,BLENHEIM NATURAL RESOURCES
BNS.UK,BARONSMEAD VCT 4
BNZL.UK,BUNZL
BOD.UK,BOTSWANA DIAMONDS
BOE.UK,BOEING
BOIL.UK,BARON OIL
BOK.UK,BOOKER GROUP
BON.UK,BONMARCHE HOLDINGS
BOO.UK,BOOHOO.COM
BOOM.UK,AUDIOBOOM GROUP
BOR.UK,BORDERS & SOUTHERN PETROLEUM
BOTB.UK,BEST OF THE BEST
BOX.UK,BOXHILL TECHNOLOGIES
BOY.UK,BODYCOTE
BPC.UK,BAHAMAS PETROLEUM
BPFU.UK,BLUE PLANET FINANCIALS GROWTH AND INCOME
BPI.UK,BRITISH POLYTHENE INDUSTRIES
BPM.UK,BP MARSH & PARTNERS
BPTY.UK,BWIN PARTY DIGITAL ENTERTAINMENT
BP_.UK,BP
BP_A.UK,BP
BP_B.UK,BP
BQE.UK,BIOQUELL
BRAM.UK,BRAMMER
BRBY.UK,BURBERRY GROUP
BRCI.UK,BLACKROCK COMMODITIES INCOME INVESTMENT TRUST
BRD.UK,BLUEROCK DIAMONDS
BREE.UK,BREEDON AGGREGATES
BRFI.UK,BLACKROCK FRONTIERS INVESTMENT TRUST
BRGE.UK,BLACKROCK GREATER EUROPE INVESTMENT TRUST
BRGS.UK,BLACKROCK GREATER EUROPE INVESTMENT TRUST
BRH.UK,BRAVEHEART INVESTMENT GROUP
BRIG.UK,BLACKROCK INCOME & GROWTH INVESTMENT TRUST
BRK.UK,BROOKS MACDONALD GROUP
BRLA.UK,BLACKROCK LATIN AMERICAN INVESTMENT TRUST
BRNA.UK,BLACKROCK NORTH AMERICAN INCOME TRUST
BRSC.UK,BLACKROCK SMALLER COS TRUST
BRSN.UK,BERENDSEN
BRW.UK,BREWIN DOLPHIN HOLDINGS
BRWM.UK,BLACKROCK WORLD MINING TRUST
BRY.UK,BRADY
BSC.UK,BRITISH SMALLER COMPANIES VCT 2
BSD.UK,BSD CROWN
BSE.UK,BASE RESOURCES
BSIF.UK,BLUEFIELD SOLAR INCOME FUND
BSRT.UK,BAKER STEEL RESOURCES TRUST
BSV.UK,BRITISH SMALLER COMPANIES VCT
BTEM.UK,BRITISH EMPIRE TRUST
BTG.UK,BTG
BT_A.UK,BT GROUP
BUR.UK,BURFORD CAPITAL
BUT.UK,BRUNNER INVESTMENT TRUST
BVA.UK,BANCO BILBAO VIZCAYA ARGENTARIA
BVC.UK,BATM ADVANCED COMMUNICATIONS
BVIC.UK,BRITVIC
BVM.UK,BELGRAVIUM TECHNOLOGIES
BVS.UK,BOVIS HOMES GROUP
BVT.UK,BARONSMEAD VCT 2
BVXP.UK,BIOVENTIX
BWNG.UK,N BROWN GROUP
BWO.UK,BARLOWORLD
BWRA.UK,BRISTOL WATER
BWSA.UK,BRISTOL & WEST
BWY.UK,BELLWAY
BXP.UK,BEXIMCO PHARMACEUTICALS
BYG.UK,BIG YELLOW GROUP
BYOT.UK,BYOTROL
BZM.UK,BELLZONE MINING
BZT.UK,BEZANT RESOURCES
C21.UK,21ST CENTURY TECHNOLOGY
C4XD.UK,C4X DISCOVERY HOLDINGS
CAD.UK,CADOGAN PETROLEUM
CADP.UK,ETFS LONG CAD SHORT USD
CAF.UK,CHINA AFRICA RESOURCES
CAGB.UK,ETFS SHORT CAD LONG GBP
CAKE.UK,PATISSERIE HOLDINGS
CAL.UK,CAPITAL & REGIONAL
CAM.UK,CAMELLIA
CAMB.UK,CAMBRIA AUTOMOBILES
CAMK.UK,CAMKIDS GROUP
CAML.UK,CENTRAL ASIA METALS
CAP.UK,CLEAN AIR POWER
CAPC.UK,CAPITAL & COUNTIES PROPERTIES
CAPD.UK,CAPITAL DRILLING
CAR.UK,CARCLO
CARB.UK,ETFS CARBON
CARD.UK,CARD FACTORY
CARP.UK,ETFS CARBON
CARR.UK,CARR'S GROUP
CAT.UK,CATCO REINSURANCE OPPORTUNITIES FUND
CATC.UK,CATCO REINSURANCE OPPORTUNITIES FUND
CAU.UK,CENTAUR MEDIA
CAY.UK,CHARLES STANLEY GROUP
CAZA.UK,CAZA OIL & GAS
CBG.UK,CLOSE BROTHERS GROUP
CBP.UK,CURTIS BANKS GROUP
CBUY.UK,CLOUDBUY
CCAP.UK,CHARLEMAGNE CAPITAL
CCC.UK,COMPUTACENTER
CCDS.UK,NATIONWIDE BUILDING SOCI
CCE.UK,REDT ENERGY
CCH.UK,COCA-COLA HBC
CCJI.UK,CC JAPAN INCOME & GROWTH TRUST
CCL.UK,CARNIVAL
CCP.UK,CELTIC
CCPE.UK,CVC CREDIT PARTNERS EUROPEAN OPPORTUNITIES
CCPG.UK,CVC CREDIT PARTNERS EUROPEAN OPPORTUNITIES
CCR.UK,C&C GROUP
CCSL.UK,CHENAVARI CAPITAL SOLUTIONS
CCT.UK,CHARACTER GROUP
CDC.UK,COPPER DEVELOPMENT
CDFF.UK,CARDIFF PROPERTY
CDI.UK,CANDOVER INVESTMENTS
CDOG.UK,CDIALOGUES
CEB.UK,CLEAN ENERGY BRAZIL
CEBB.UK,NATIONWIDE BUILDING SOCIETY
CEPS.UK,CEPS
CEY.UK,CENTAMIN
CFHL.UK,CITYFIBRE INFRASTRUCTURE HOLDINGS
CFX.UK,COLEFAX GROUP
CFYN.UK,CAFFYNS
CF_.UK,CANACCORD GENUITY GROUP
CGG.UK,COBURG GROUP
CGH.UK,CHAARAT GOLD HOLDINGS
CGI.UK,CANADIAN GENERAL INVESTMENTS
CGLO.UK,CHAGALA GROUP
CGNR.UK,CONROY GOLD AND NATURAL RESOURCES
CGS.UK,CASTINGS
CGT.UK,CAPITAL GEARING TRUST
CGW.UK,CHELVERTON GROWTH TRUST
CHA.UK,CONCHA
CHAL.UK,CHALLENGER ACQUISITIONS
CHAR.UK,CHARIOT OIL & GAS
CHFP.UK,ETFS LONG CHF SHORT USD
CHG.UK,CHEMRING GROUP
CHH.UK,CHURCHILL CHINA
CHL.UK,CHURCHILL MINING
CHOC.UK,UNITED CACAO SEZC
CHOO.UK,JIMMY CHOO
CHRR.UK,CHINA RERUN CHEMICAL GRO
CHRT.UK,COHORT
CHT.UK,CONSTELLATION HEALTHCARE TECHNOLOGIES
CHW.UK,CHIME COMMUNICATIONS
CIC.UK,CONYGAR INVESTMENT COMPANY
CICG.UK,CIC GOLD GROUP
CICZ.UK,CONYGAR ZDP
CIFU.UK,CARADOR INCOME FUND
CIN.UK,CITY OF LONDON GROUP
CINE.UK,CINEWORLD GROUP
CIR.UK,CIRCASSIA PHARMACEUTICALS
CIRC.UK,CIRCLE HOLDINGS
CIU.UK,CAPE
CKN.UK,CLARKSON
CLA.UK,CAPITAL LEASE AVIATION
CLC.UK,CALCULUS VCT
CLCC.UK,CALCULUS VCT
CLDN.UK,CALEDONIA INVESTMENTS
CLG.UK,CLIPPER LOGISTICS
CLI.UK,CLS HOLDINGS
CLIG.UK,CITY OF LONDON INVESTMENT GROUP
CLIN.UK,CLINIGEN GROUP
CLL.UK,CELLO GROUP
CLLN.UK,CARILLION
CLNR.UK,CLUFF NATURAL RESOURCES
CLON.UK,CLONTARF ENERGY
CLP.UK,CLEAR LEISURE
CLST.UK,CLEARSTAR
CLSU.UK,CLEARSTAR
CLTV.UK,CELLCAST
CMB.UK,CAMBRIA AFRICA
CMBN.UK,CAMBIAN GROUP
CMCE.UK,UBS ETC COMPOSITE EUR
CMCG.UK,UBS ETC COMPOSITE GBP
CMCI.UK,UBS ETC COMPOSITE USD
CMCL.UK,CALEDONIA MINING
CMDE.UK,UBS ETC ON BCOM CONSTANT MATURITY INDEX EUR CURRENCY
CMDG.UK,UBS ETC ON BCOM CONSTANT MATURITY INDEX GBP
CMH.UK,CHAMBERLIN
CMHY.UK,CITY MERCHANTS HIGH YIELD TRUST
CMIP.UK,CAPITAL MANAGEMENT & INVESTMENT
CML.UK,CML MICROSYSTEMS
CMS.UK,COMMUNISIS
CMX.UK,CATALYST MEDIA GROUP
CNA.UK,CENTRICA
CNC.UK,CONCURRENT TECHNOLOGIES
CNCT.UK,CONNECT GROUP
CNE.UK,CAIRN ENERGY
CNEL.UK,CHINA NEW ENERGY
CNG.UK,CHINA NONFERROUS GOLD
CNIC.UK,CENTRALNIC GROUP
CNKS.UK,CENKOS SECURITIES
CNMI.UK,CAMPER & NICHOLSONS MARINA INVESTMENTS
CNN.UK,CALEDONIAN TRUST
CNR.UK,CONDOR GOLD
CNS.UK,CORERO NETWORK SECURITY
COA.UK,COATS GROUP
COB.UK,COBHAM
COCE.UK,UBS
COCG.UK,UBS ETC COCOA GBP
COCU.UK,UBS
COD.UK,CIE DE SAINT-GOBAIN
COG.UK,CAMBRIDGE COGNITION HOLDINGS
COLT.UK,COLT GROUP
COMS.UK,COMS
CON.UK,CONNEMARA MINING
CONG.UK,SOCIETE GENERALE EFFEKTEN GMBH
COP.UK,CIRCLE OIL
COPG.UK,SOCIETE GENERALE EFFEKTEN GMBH
COPL.UK,CANADIAN OVERSEAS PETROLEUM
COS.UK,COLLAGEN SOLUTIONS
COST.UK,COSTAIN GROUP
CPG.UK,COMPASS GROUP
CPI.UK,CAPITA
CPP.UK,CPP GROUP
CPR.UK,CARPETRIGHT
CPS.UK,CPL RESOURCES
CPX.UK,CAP-XX
CRAW.UK,CRAWSHAW GROUP
CRDA.UK,CRODA INT
CRE.UK,CRESTON
CREI.UK,CUSTODIAN REIT
CRH.UK,CRH
CRL.UK,CREIGHTON'S
CRN.UK,CAIRN HOMES
CRND.UK,CENTRAL RAND GOLD
CRNE.UK,UBS
CRNG.UK,UBS ETC CORN GBP
CRNU.UK,UBS
CRON.UK,CRONIN GROUP
CROS.UK,CROSSRIDER
CRPR.UK,JAMES CROPPER
CRS.UK,CRYSTAL AMBER FUND
CRST.UK,CREST NICHOLSON HOLDINGS
CRU.UK,CORAL PRODUCTS
CRV.UK,CRAVEN HOUSE CAPITAL
CRW.UK,CRANEWARE
CRWN.UK,CROWN PLACE VCT
CRX.UK,CYPROTEX
CSFG.UK,CSF GROUP
CSG.UK,SWEETT GROUP
CSI.UK,CASTLE STREET INVESTMENTS
CSN.UK,CHESNARA
CSR.UK,CSR
CSRT.UK,CONSORT MEDICAL
CSSG.UK,CROMA SECURITY SOLUTIONS GROUP
CTAG.UK,CLOUDTAG
CTEK.UK,CHINA CHAINTEK UNITED
CTG.UK,CHRISTIE GROUP
CTH.UK,CARETECH HOLDINGS
CTI.UK,CATHAY INT HOLDINGS
CTO.UK,T CLARKE
CTP.UK,CASTLETON TECHNOLOGY
CTR.UK,CHARLES TAYLOR
CTY.UK,CITY OF LONDON INVESTMENT TRUST
CTYA.UK,CITY OF LONDON INVESTMENT TRUST
CVBP.UK,COVENTRY BUILDING SOCIETY
CVR.UK,CONVIVIALITY
CVSG.UK,CVS GROUP
CWC.UK,CABLE & WIRELESS COMMUNICATIONS
CWD.UK,COUNTRYWIDE
CWK.UK,CRANSWICK
CWR.UK,CERES POWER HOLDINGS
CYAN.UK,CYAN HOLDINGS
CYN.UK,CITY NATURAL RESOURCES HIGH YIELD TRUST
CYS.UK,CHRYSALIS VCT
CZA.UK,COAL OF AFRICA
CZB.UK,COMMERZBANK
D467.UK,DOWNING FOUR VCT
D4LC.UK,DOWNING FOUR VCT
D4OA.UK,DOWNING FOUR VCT
D4OO.UK,DOWNING FOUR VCT
D4SA.UK,DOWNING FOUR VCT
D4SO.UK,DOWNING FOUR VCT
DAB.UK,DEXION ABSOLUTE
DABE.UK,DEXION ABSOLUTE
DABU.UK,DEXION ABSOLUTE
DAIP.UK,DAILY INTERNET
DAL.UK,DALATA HOTEL GROUP
DALR.UK,DALRADIAN RESOURCES
DAN.UK,DANIEL STEWART SECURITIES
DAT.UK,DATANG INT POW
DCC.UK,DCC
DCD.UK,DCD MEDIA
DCG.UK,DAIRY CREST GROUP
DCI.UK,DOLPHIN CAPITAL INVESTORS
DCP.UK,DIAMONDCORP
DC_.UK,DIXONS CARPHONE
DDD.UK,DDD GROUP
DDDD.UK,4D PHARMA
DDV1.UK,DOWNING ONE VCT
DEB.UK,DEBENHAMS
DEMG.UK,DELTEX MEDICAL GROUP
DFIB.UK,DAIRY FARM INT HOLDINGS
DFIJ.UK,DAIRY FARM INT HOLDINGS
DFS.UK,DFS FURNITURE
DFX.UK,DEFENX
DGB.UK,DIGITAL BARRIERS
DGE.UK,DIAGEO
DGED.UK,DIAGEO
DGO.UK,DRAGON OIL
DGS.UK,DIGITAL GLOBE SERVICES
DIA.UK,DIALIGHT
DIG.UK,DUNEDIN INCOME GROWTH INVESTMENT TRUST
DIGC.UK,GCP STUDENT LIVING
DIGS.UK,GCP STUDENT LIVING
DIL2.UK,DAMILLE INVESTMENTS II
DIS.UK,DISTIL
DIVI.UK,DIVERSE INCOME TRUST
DJAN.UK,DAEJAN HOLDINGS
DJI.UK,DJI HOLDINGS
DJUB.UK,BARCLAYS BANK
DKL.UK,DEKELOIL PUBLIC
DLAR.UK,DE LA RUE
DLG.UK,DIRECT LINE INSURANCE GROUP
DLN.UK,DERWENT LONDON
DMGT.UK,DAILY MAIL & GENERAL TRUST
DNA.UK,DORIC NIMROD AIR ONE
DNA2.UK,DORIC NIMROD AIR TWO
DNA3.UK,DORIC NIMROD AIR THREE
DNDL.UK,DUNEDIN SMALLER COMPANIES INVESTMENT TRUST
DNE.UK,DUNEDIN ENTERPRISE INVESTMENT TRUST
DNLM.UK,DUNELM GROUP
DO1A.UK,DOWNING FOUR VCT
DO1B.UK,DOWNING FOUR VCT
DO1C.UK,DOWNING FOUR VCT
DO1D.UK,DOWNING FOUR VCT
DO1O.UK,DOWNING FOUR VCT
DODS.UK,DODS
DOM.UK,DOMINO'S PIZZA GROUP
DOR.UK,DORIEMUS
DOTD.UK,DOTDIGITAL GROUP
DP2A.UK,DOWNING TWO VCT
DP2C.UK,DOWNING TWO VCT
DP2D.UK,DOWNING TWO VCT
DP2E.UK,DOWNING TWO VCT
DP2F.UK,DOWNING PLANNED EXIT VCT 2 PLC-F
DP2G.UK,DOWNING PLANNED EXIT VCT 2 PLC-F
DP3A.UK,DOWNING THREE VCT
DP3C.UK,DOWNING THREE VCT
DP3D.UK,DOWNING THREE VCT
DP3E.UK,DOWNING THREE VCT
DP3F.UK,DOWNING THREE VCT
DP3H.UK,DOWNING THREE VCT
DP3J.UK,DOWNING THREE VCT
DPA.UK,DP AIRCRAFT I
DPH.UK,DECHRA PHARMACEUTICALS
DPLM.UK,DIPLOMA
DPP.UK,DP POLAND
DQE.UK,DQ ENTERTAINMENT
DREF.UK,DUET REAL ESTATE FINANCE
DRG.UK,DRAGANFLY INVESTMENTS
DRIP.UK,DRUM INCOME PLUS REIT
DRS.UK,DRS DATA AND RESEARCH SERVICES
DRTY.UK,DARTY
DRV.UK,DRIVER GROUP
DRX.UK,DRAX GROUP
DSC.UK,DEVELOPMENT SECURITIES
DSG.UK,DILLISTONE GROUP
DSN.UK,DENSITRON TECHNOLOGIES
DTC.UK,DATATEC
DTG.UK,DART GROUP
DTY.UK,DIGNITY
DUKE.UK,DUKE ROYALTY
DUPD.UK,DRAGON-UKRAINIAN PROPERTIES & DEVELOPMENT
DVO.UK,DEVRO
DVW.UK,DEE VALLEY GROUP
DVWA.UK,DEE VALLEY GROUP
DWCG.UK,DW CATALYST FUND
DWCU.UK,DW CATALYST FUND
DWHA.UK,DEWHURST
DWHT.UK,DEWHURST
DX_.UK,DX GROUP
E2V.UK,E2V TECHNOLOGIES
EAH.UK,ECO ANIMAL HEALTH GROUP
EAS.UK,ENERGY ASSETS GROUP
EAT.UK,EUROPEAN ASSETS TRUST
EBIV.UK,EASTBRIDGE INVESTMENTS
EBQ.UK,EBIQUITY
ECAP.UK,ELEPHANT CAPITAL
ECEL.UK,EUROCELL
ECK.UK,ECKOH
ECM.UK,ELECTROCOMPONENTS
ECR.UK,ECR MINERALS
ECV.UK,ECO CITY VEHICLES
ECWO.UK,ECOFIN WATER & POWER OPPORTUNITIES
ECWZ.UK,ECOFIN WATER & POWER OPPORTUNITIES
EDEN.UK,EDEN RESEARCH
EDG.UK,EDGE RESOURCES
EDGC.UK,EDGE PERFORMANCE VCT
EDGD.UK,EDGE PERFORMANCE VCT
EDGE.UK,EDGE PERFORMANCE VCT
EDGF.UK,EDGE PERFORMANCE VCT
EDGG.UK,EDGE PERFORMANCE VCT
EDGH.UK,EDGE PERFORMANCE VCT
EDGI.UK,EDGE PERFORMANCE VCT
EDIN.UK,EDINBURGH INVESTMENT TRUST
EDL.UK,EDENVILLE ENERGY
EDP.UK,ELECTRONIC DATA PROCESSING
EDR.UK,EGDON RESOURCES
EDV.UK,ELDERSTREET DOWNING VCT
EEP.UK,EASTERN EUROPEAN PROPERTY FUND
EFM.UK,EDINBURGH DRAGON TRUST
EGI.UK,ELECTRICAL GEODESICS
EGIC.UK,ELECTRICAL GEODESICS IN
EGS.UK,EG SOLUTIONS
EHG.UK,ELEGANT HOTELS GROUP
EHP.UK,EPISTEM HOLDINGS
EIH.UK,EIH
EIIB.UK,EUROPEAN ISLAMIC INVESTMENT BANK
EKF.UK,EKF DIAGNOSTICS HOLDINGS
EKT.UK,ELEKTRON TECHNOLOGY
ELA.UK,ELAND OIL & GAS
ELCO.UK,ELECOSOFT
ELE.UK,ELECTRIC WORD
ELLA.UK,ECCLESIASTICAL INSURANCE OFFICE
ELM.UK,ELEMENTIS
ELTA.UK,ELECTRA PRIVATE EQUITY
ELTZ.UK,ELECTRA PRIVATE EQUITY
ELX.UK,EL ORO
EMAN.UK,EVERYMAN MEDIA GROUP
EME.UK,EMPYREAN ENERGY
EMED.UK,EMED MINING PUBLIC LD
EMG.UK,MAN GROUP
EMH.UK,EUROPEAN METALS HOLDINGS
EMIS.UK,EMIS GROUP
EMM.UK,EMERGING MARKET MINERALS
EMR.UK,EMPRESARIA GROUP
ENEG.UK,ENEGI OIL
ENER.UK,UBS
ENGI.UK,ENERGISER INVESTMENTS
ENQ.UK,ENQUEST
ENRG.UK,UBS ETC ENERGY GBP
ENRT.UK,ENVIRONMENTAL RECYCLING TECHNOLOGIES
ENTU.UK,ENTU UK
EOG.UK,EUROPA OIL & GAS HOLDINGS
EPG.UK,EP GLOBAL OPPORTUNITIES TRUST
EPIC.UK,EDISTON PROPERTY INVESTMENT
EPO.UK,EARTHPORT
EPWN.UK,EPWIN GROUP
EQN.UK,EQUINITI GROUP
ERET.UK,EUROPEAN REAL ESTATE INVESTMENT TRUST
ERGO.UK,ERGOMED
ERM.UK,EUROMONEY INSTITUTIONAL INVESTOR
ESCH.UK,ESCHER GROUP HOLDINGS
ESG.UK,ESERVGLOBAL
ESNT.UK,ESSENTRA
ESO.UK,EPE SPECIAL OPPORTUNITIES
ESP.UK,EMPIRIC STUDENT PROPERTY
ESR.UK,ENSOR HOLDINGS
ESS.UK,ESSENDEN
ESSE.UK,UBS ETC ESSENCE EUR
ESSU.UK,UBS ETC ESSENCE USD
ESUR.UK,ESURE GROUP
ETI.UK,ENTERPRISE INNS
ETO.UK,ENTERTAINMENT ONE
ETQ.UK,ENERGY TECHNIQUE
ETX.UK,E-THERAPEUTICS
ET_.UK,ESTABLISHMENT INVESTMENT TRUST
EUA.UK,EURASIA MINING
EURP.UK,ETFS LONG EUR SHORT USD
EUSP.UK,EU SUPPLY
EUT.UK,EUROPEAN INVESTMENT TRUST
EVG.UK,EVGEN PHARMA
EVO.UK,EVOCUTIS
EVR.UK,EVRAZ
EWG.UK,EUROPEAN WEALTH GROUP
EWI.UK,EDINBURGH WORLDWIDE INVESTMENT TRUST
EXI.UK,EXILLON ENERGY
EXO.UK,EXOVA GROUP
EXPN.UK,EXPERIAN
EYE.UK,EAGLE EYE SOLUTIONS GROUP
EZH.UK,EASYHOTEL
EZJ.UK,EASYJET
FAIC.UK,FAIR OAKS INCOME FUND
FAIR.UK,FAIR OAKS INCOME FUND
FAM.UK,FINNAUST MINING
FAN.UK,VOLUTION GROUP
FARN.UK,FARON PHARMACEUTICALS OY
FAS.UK,FIDELITY ASIAN VALUES
FAST.UK,FASTNET EQUITY
FBDU.UK,FLYING BRANDS
FBH.UK,FBD HOLDINGS
FBT.UK,FORBIDDEN TECHNOLOGIES
FCCN.UK,FRENCH CONNECTION GROUP
FCI.UK,F&C CAPITAL & INCOME INVESTMENT TRUST PL
FCIF.UK,FUNDING CIRCLE SME INCOME FUND
FCPT.UK,F&C COMMERCIAL PROPERTY TRUST
FCR.UK,FERRUM CRESCENT
FCRE.UK,F&C UK REAL ESTATE INVESTMENT
FCRM.UK,FULCRUM UTILITY SERVICES
FCRU.UK,ETFS LONGER DATED WTI CRUDE OIL
FCS.UK,F&C GLOBAL SMALLER COMPANIES
FCSS.UK,FIDELITY CHINA SPECIAL SITUATIONS
FDBK.UK,FEEDBACK
FDEV.UK,FRONTIER DEVELOPMENTS
FDI.UK,FIRESTONE DIAMONDS
FDL.UK,FINDEL
FDM.UK,FDM GROUP HOLDINGS
FDP.UK,FIRST DERIVATIVES
FDSA.UK,FIDESSA GROUP
FEET.UK,FUNDSMITH EMERGING EQUITIES TRUST
FEN.UK,FRENKEL TOPPING GROUP
FENR.UK,FENNER
FEV.UK,FIDELITY EUROPEAN VALUES
FEVR.UK,FEVERTREE DRINKS
FFWD.UK,FAST FORWARD INNOVATIONS
FFX.UK,FAIRFX GROUP
FFY.UK,FYFFES
FGP.UK,FIRSTGROUP
FGT.UK,FINSBURY GROWTH & INCOME TRUST
FIF.UK,FINSBURY FOOD GROUP
FIPP.UK,FRONTIER IP GROUP
FISH.UK,FISHING REPUBLIC
FITB.UK,FITBUG HOLDINGS
FJET.UK,FASTJET
FJV.UK,FIDELITY JAPANESE VALUES
FJVS.UK,FIDELITY JAPANESE VALUES
FKE.UK,FISKE
FKL.UK,FALKLAND ISLANDS HOLDINGS
FLEG.UK,UBS ETC CMSP GBP
FLK.UK,FLETCHER KING
FLO.UK,FLOWTECH FLUIDPOWER
FLOW.UK,FLOWGROUP
FLX.UK,FALANX GROUP
FLYB.UK,FLYBE GROUP
FMPG.UK,F&C MANAGED PORTFOLIO TRUST
FMPI.UK,F&C MANAGED PORTFOLIO TRUST
FOG.UK,FALCON OIL & GAS
FOGL.UK,FALKLAND OIL & GAS
FOOG.UK,UBS ETC FOOD GBP
FOUR.UK,4IMPRINT GROUP
FOX.UK,FOX MARBLE HOLDINGS
FOXT.UK,FOXTONS GROUP
FPEO.UK,F&C PRIVATE EQUITY TRUST
FPM.UK,FAROE PETROLEUM
FPO.UK,FIRST PROPERTY GROUP
FQM.UK,FIRST QUANTUM MINERALS
FRCL.UK,FOREIGN & COLONIAL INVESTMENT TRUST
FRES.UK,FRESNILLO
FRI.UK,FRONTIER RESOURCES INT
FRM.UK,FORMATION GROUP
FRO.UK,FRONTLINE LD
FRP.UK,FAIRPOINT GROUP
FRR.UK,FRONTERA RESOURCES
FRX.UK,FERREX
FSFL.UK,FORESIGHT SOLAR FUND
FSJ.UK,JAMES FISHER & SONS
FSTA.UK,FULLER SMITH & TURNER
FSV.UK,FIDELITY SPECIAL VALUES
FTC.UK,FILTRONIC
FTD.UK,FORESIGHT 3 VCT
FTE.UK,FORTE ENERGY NL
FTF.UK,FORESIGHT 4 VCT
FTFC.UK,FORESIGHT 4 VCT
FTN.UK,FORESIGHT 2 VCT
FTNI.UK,FORESIGHT 2 VCT
FTNP.UK,FORESIGHT 2 VCT
FTSC.UK,FORESIGHT SOLAR VCT
FTSV.UK,FORESIGHT SOLAR VCT
FTV.UK,FORESIGHT VCT
FTVI.UK,FORESIGHT VCT
FTVP.UK,FORESIGHT VCT
FUL.UK,THE FULHAM SHORE
FUM.UK,FUTURA MEDICAL
FUTR.UK,FUTURE
FXI.UK,FUSIONEX INT
FXPO.UK,FERREXPO
G4M.UK,GEAR4MUSIC HOLDINGS
GACA.UK,GENERAL ACCIDENT
GACB.UK,GENERAL ACCIDENT
GAH.UK,GABLE HOLDINGS
GAL.UK,GALANTAS GOLD
GAMA.UK,GAMMA COMMUNICATIONS
GAME.UK,GAMEACCOUNT NETWORK
GASG.UK,SG ETN NATGAS GBP
GAW.UK,GAMES WORKSHOP GROUP
GBAU.UK,ETFS LONG AUD SHORT GBP
GBCA.UK,ETFS LONG CAD SHORT GBP
GBCH.UK,ETFS LONG CHF SHORT GBP
GBG.UK,GB GROUP
GBGR.UK,GOLDBRIDGES GLOBAL RESOURCES
GBJP.UK,ETFS LONG JPY SHORT GBP
GBNO.UK,ETFS LONG NOK SHORT GBP
GBNZ.UK,ETFS LONG NZD SHORT GBP
GBO.UK,GLOBO
GBP.UK,GLOBAL PETROLEUM
GBPP.UK,ETFS LONG GBP SHORT USD
GBUR.UK,ETFS LONG EUR SHORT GBP
GBUS.UK,ETFS LONG USD SHORT GBP
GCL.UK,GEIGER COUNTER
GCM.UK,GCM RESOURCES
GCP.UK,GCP INFRASTRUCTURE INVESTMENTS
GDG.UK,GREEN DRAGON GAS
GDL.UK,GREKA DRILLING
GDP.UK,GOLDPLAT
GDWN.UK,GOODWIN
GEC.UK,GENERAL ELECTRIC
GED.UK,GLOBAL ENERGY DEVELOPMENT
GEEC.UK,GREAT EASTERN ENERGY
GEL.UK,GREKA ENGINEERING & TECHNOLOGY
GEM.UK,GEMFIELDS
GEMD.UK,GEM DIAMONDS
GENL.UK,GENEL ENERGY
GFIN.UK,GFINITY
GFIR.UK,GLOBAL FIXED INCOME REALISATION
GFM.UK,GRIFFIN MINING
GFRD.UK,GALLIFORD TRY
GFS.UK,G4S
GFTU.UK,GRAFTON GROUP
GGP.UK,GREATLAND GOLD
GHE.UK,GRESHAM HOUSE
GHG.UK,GEORGIA HEALTHCARE GROUP
GHH.UK,GOOCH & HOUSEGO
GHS.UK,GRESHAM HOUSE STRATEGIC
GHT.UK,GRESHAM COMPUTING
GINV.UK,GLOBAL INVACOM GROUP
GIPO.UK,GRAND GROUP INVESTMENT
GKN.UK,GKN
GKO.UK,GREENKO GROUP
GKP.UK,GULF KEYSTONE PETROLEUM
GLAF.UK,GLI ALTERNATIVE FINANCE
GLB.UK,GLANBIA
GLDG.UK,UBS ETC GOLD GBP
GLE.UK,MJ GLEESON
GLEN.UK,GLENCORE
GLIF.UK,GLI FINANCE
GLIZ.UK,GLI FINANCE
GLOO.UK,GLOO NETWORKS
GLR.UK,GALILEO RESOURCES
GLS.UK,GALASYS
GMAA.UK,GAMA AVIATION
GMC.UK,GLOBAL MARKET GROUP
GMD.UK,GAME DIGITAL
GMR.UK,GAMING REALMS
GMS.UK,GULF MARINE SERVICES
GNC.UK,GREENCORE GROUP
GNG.UK,GEONG INT
GNI.UK,GENERAL INDUSTRIES
GNK.UK,GREENE KING
GNS.UK,GENUS
GOAL.UK,GOALS SOCCER CENTRES
GOG.UK,GO-AHEAD GROUP
GOLE.UK,SOCIETE GENERALE EFFEKTEN GMBH
GOOD.UK,GOOD ENERGY GROUP
GPE.UK,GRAPHITE ENTERPRISE TRUST
GPM.UK,GOLDEN PROSPECT PRECIOUS METALS
GPOR.UK,GREAT PORTLAND ESTATES
GPRT.UK,GOLDENPORT HOLDINGS
GPX.UK,GULFSANDS PETROLEUM
GRA.UK,GRAFENIA
GRG.UK,GREGGS
GRI.UK,GRAINGER
GRIO.UK,GROUND RENTS INCOME FUND
GRIT.UK,GLOBAL RESOURCES INVESTMENT TRUST
GRL.UK,GOLDSTONE RESOURCES
GRN.UK,GREEN REIT
GRPH.UK,GRAPHENE NANOCHEM
GSK.UK,GLAXOSMITHKLINE
GSR.UK,GOLDEN ST RESOURCES
GSS.UK,GENESIS EMERGING MARKETS FUND
GTC.UK,GETECH GROUP
GTLY.UK,GATELEY HOLDINGS
GTS.UK,GTS CHEMICAL HOLDINGS
GUS.UK,GUSBOURNE
GUSC.UK,GUSCIO
GVC.UK,GVC HOLDINGS
GVP.UK,GABELLI VALUE PLUS + TRUST
GWI.UK,GLOBALWORTH REAL ESTATE INVESTMENTS
GWIK.UK,GLENWICK
GWMO.UK,GREAT WESTERN MINING
GWP.UK,GW PHARMACEUTICALS
GYM.UK,THE GYM GROUP
HAIK.UK,HAIKE CHEMICAL GROUP
HAL.UK,HALOSOURCE
HALO.UK,HALOSOURCE
HALP.UK,HALIFAX
HAN.UK,HANSA TRUST
HANA.UK,HANSA TRUST
HAS.UK,HAYS
HAST.UK,HENDERSON ALTERNATIVE ST
HAT.UK,H&T GROUP
HAWK.UK,NIGHTHAWK ENERGY
HAYD.UK,HAYDALE GRAPHENE INDUSTRIES
HAYT.UK,HAYWARD TYLER GROUP
HBRN.UK,HIBERNIA REIT
HCFT.UK,HIGHCROFT INVESTMENTS
HCL.UK,HELLENIC CARRIERS
HCM.UK,HUTCHISON CHINA MEDITECH
HCP.UK,HOTEL
HDD.UK,HARDIDE
HDIV.UK,HENDERSON DIVERSIFIED INCOME
HDT.UK,HOLDERS TECHNOLOGY
HDY.UK,HARDY OIL & GAS
HEAD.UK,HEADLAM GROUP
HEFT.UK,HENDERSON EUROPEAN FOCUS TRUST
HER.UK,HERENCIA RESOURCES
HFD.UK,HALFORDS GROUP
HFEL.UK,HENDERSON FAR EAST INCOME
HFG.UK,HILTON FOOD GROUP
HGG.UK,HENDERSON GROUP
HGL.UK,HENDERSON GLOBAL TRUST
HGM.UK,HIGHLAND GOLD MINING
HGT.UK,HG CAPITAL TRUST
HHI.UK,HENDERSON HIGH INCOME TRUST
HHV.UK,HARGREAVE HALE AIM VCT 1
HHVT.UK,HARGREAVE HALE AIM VCT 2
HICL.UK,HICL INFRASTRUCTURE COMPANY LD
HIK.UK,HIKMA PHARMACEUTICALS
HILS.UK,HILL & SMITH HOLDINGS
HINT.UK,HENDERSON INT INCOME TRUST
HKLB.UK,HONGKONG LAND HOLDINGS
HKLD.UK,HONGKONG LAND HOLDINGS
HKLJ.UK,HONGKONG LAND HOLDINGS
HLCL.UK,HELICAL BAR
HLMA.UK,HALMA
HL_.UK,HARGREAVES LANSDOWN
HMI.UK,HARVEST MINERALS
HMLH.UK,HML HOLDINGS
HMSO.UK,HAMMERSON
HNE.UK,HENDERSON EUROTRUST
HNL.UK,HAGUE & LONDON OIL
HNR.UK,HIGHLANDS NATURAL RESOUR
HNT.UK,HUNTSWORTH
HOC.UK,HOCHSCHILD MINING
HOME.UK,HOME RETAIL GROUP
HON.UK,HONEYWELL INT INCORPORATED
HOT.UK,HENDERSON OPPORTUNITIES TRUST
HPAC.UK,HERMES PACIFIC INVESTMENTS
HR1A.UK,HAZEL RENEWABLE ENERGY VCT1
HR1O.UK,HAZEL RENEWABLE ENERGY VCT1
HR2A.UK,HAZEL RENEWABLE ENERGY VCT2
HR2O.UK,HAZEL RENEWABLE ENERGY VCT2
HRG.UK,HOGG ROBINSON GROUP
HRI.UK,HERALD INVESTMENT TRUST
HRN.UK,HORNBY
HSBA.UK,HSBC HOLDINGS
HSD.UK,HANSARD GLOBAL
HSL.UK,HENDERSON SMALLER COMPANIES INVESTMENT T
HSM.UK,SAMUEL HEATH & SONS
HSP.UK,HARGREAVES SERVICES
HSS.UK,HSS HIRE GROUP
HSTG.UK,HASTINGS GROUP HOLDINGS
HSTN.UK,HANSTEEN HOLDINGS
HSV.UK,HOMESERVE
HSW.UK,HOSTELWORLD GROUP
HSX.UK,HISCOX
HTG.UK,HUNTING
HTY.UK,HELLERMANNTYTON GROUP
HUM.UK,HUMMINGBIRD RESOURCES
HUN.UK,HUNTER RESOURCES
HUNT.UK,HUNTERS PROPERTY
HUR.UK,HURRICANE ENERGY
HUW.UK,HELIOS UNDERWRITING
HVE.UK,HAVELOCK EUROPA
HVN.UK,HARVEY NASH GROUP
HVO.UK,HVIVO
HVPE.UK,HARBOURVEST GLOBAL PRIVATE EQUITY
HVT.UK,HEAVITREE BREWERY
HVTA.UK,HEAVITREE BREWERY
HWC.UK,HIGHWAY CAPITAL
HWDN.UK,HOWDEN JOINERY GROUP
HWG.UK,HARWORTH GROUP
HYD.UK,HYDRO INT
HYDG.UK,HYDROGEN GROUP
HYF.UK,HIMALAYAN FUND
HYG.UK,HYGEA VCT
HYNS.UK,HAYNES PUBLISHING GROUP
HYR.UK,HYDRODEC GROUP
HZD.UK,HORIZON DISCOVERY GROUP
HZM.UK,HORIZONTE MINERALS
IAE.UK,ITHACA ENERGY
IAES.UK,IMPAX ASIAN ENVIRONMENTAL MARKETS
IAF.UK,365 AGILE GROUP
IAG.UK,INT CONSOLIDATED AIRLINES GROUP
IAP.UK,ICAP
IAT.UK,INVESCO ASIA TRUST
IBEX.UK,IBEX GLOBAL SOLUTIONS
IBM.UK,INT BUSINESS MACHINES CORPORAT
IBPO.UK,IENERGIZER
IBSA.UK,IBIS MEDIA VCT 1
IBST.UK,IBSTOCK
IBT.UK,INT BIOTECHNOLOGY TRUST
ICGC.UK,IRISH CONTINENTAL GROUP
ICP.UK,INTERMEDIATE CAPITAL GROUP
ICTA.UK,INVESTORS CAPITAL TRUST
ICTB.UK,INVESTORS CAPITAL TRUST
ICTU.UK,INVESTORS CAPITAL TRUST
IDEA.UK,IDEAGEN
IDH.UK,IMMUNODIAGNOSTIC SYSTEMS HOLDINGS
IDHC.UK,INTEGRATED DIAGNOSTICS HOLDINGS
IDOX.UK,IDOX
IEH.UK,INTELLIGENT ENERGY HOLDINGS
IEM.UK,IMPAX ENVIRONMENTAL MARKETS
IERE.UK,INVISTA EUROPEAN REAL ESTATE TRUST SICAF
IERP.UK,INVISTA EUROPEAN REAL ESTATE TRUST SICAF
IFL.UK,INT FERRO METALS
IFP.UK,IFG GROUP
IGAS.UK,IGAS ENERGY
IGC.UK,INDIA CAPITAL GROWTH FUND
IGCS.UK,INDIA CAPITAL GROWTH FUND
IGE.UK,IMAGE SCAN HOLDINGS
IGG.UK,IG GROUP HOLDINGS
IGP.UK,INTERCEDE GROUP
IGR.UK,INT GREETINGS
IGV.UK,INCOME & GROWTH VCT
IHC.UK,INSPIRATION HEALTHCARE GROUP
IHG.UK,INTERCONTINENTAL HOTELS GROUP
IHUK.UK,IMPACT HOLDINGS UK
III.UK,3I GROUP
IIP.UK,INFRASTRUCTURE INDIA
IIT.UK,INDEPENDENT INVESTMENT TRUST
IKA.UK,ILIKA
IKK.UK,INCH KENNETH KAJANG RUBBER
IL0A.UK,PERMANENT TSB GROUP HOLDINGS
IME.UK,IMMEDIA GROUP
IMET.UK,S&P GSCI INDUSTRIAL METALS INDEX TR
IMG.UK,IMAGINATION TECHNOLOGIES GROUP
IMI.UK,IMI
IMIC.UK,INT MINING & INFRASTRUCTURE
IMM.UK,IMMUPHARMA
IMO.UK,IMIMOBILE
IMPT.UK,INDUSTRIAL MULTI PROPERTY TRUST
IMT.UK,IMPERIAL TOBACCO GROUP
IMTK.UK,IMAGINATIK
INB.UK,INTERBULK GROUP
INCH.UK,INCHCAPE
IND.UK,INDIGOVISION GROUP
INDI.UK,INDUS GAS
INDV.UK,INDIVIOR
INF.UK,INFORMA
INFA.UK,INFRASTRATA
INFI.UK,INFINIS ENERGY
INFT.UK,INFINITY ENERGY
INL.UK,INLAND HOMES
INLZ.UK,INLAND ZDP
INM.UK,INDEPENDENT NEWS & MEDIA
INPP.UK,INT PUBLIC PARTNERSHIPS
INS.UK,INSTEM
INSC.UK,INSPIRED CAPITAL
INSE.UK,INSPIRED ENERGY
INSP.UK,INSPIRIT ENERGY HOLDINGS
INTQ.UK,INTERNETQ
INTU.UK,INTU PROPERTIES
INV.UK,INVESTMENT COMPANY
INVP.UK,INVESTEC
INVR.UK,INVESTEC
IOF.UK,IOFINA
IOG.UK,INDEPENDENT OIL & GAS
IOM.UK,IOMART GROUP
ION1.UK,IONA ENVIRONMENTAL VCT
IONA.UK,IONA ENVIRONMENTAL VCT
IONB.UK,IONA ENVIRONMENTAL VCT
IPE.UK,INVESCO PERPETUAL ENHANCED INCOME
IPEL.UK,IMPELLAM GROUP
IPF.UK,INT PERSONAL FINANCE
IPI.UK,INVESCO PROPERTY INCOME TRUST LD
IPO.UK,IP GROUP
IPP.UK,IPPLUS
IPSA.UK,IPSA GROUP
IPU.UK,INVESCO PERPETUAL UK SMALLER COMPANIES INVESTMENT TRUST
IPX.UK,IMPAX ASSET MANAGEMENT GROUP
IQE.UK,IQE
IRF.UK,IRF EUROPEAN FINANCE INVESTMENTS
IRG.UK,INDEPENDENT RESOURCES
IRON.UK,IRONVELD
IRR.UK,IRONRIDGE RESOURCES
IRV.UK,INTERSERVE
ISAC.UK,ISHARES MSCI ACWI ETF
ISAT.UK,INMARSAT
ISG.UK,ISG
ISL.UK,IS SOLUTIONS
ISP.UK,INVESTEC STRUCTURED PRODUCTS CALCULUS VC
ISPC.UK,INVESTEC STRUCTURED PRODUCTS CALCULUS VC
ITE.UK,ITE GROUP
ITM.UK,ITM POWER
ITQ.UK,INTERQUEST GROUP
ITRK.UK,INTERTEK GROUP
ITV.UK,ITV
IVI.UK,INVESCO INCOME GROWTH TRUST
IVO.UK,IMPERIAL INNOVATIONS GROUP
IVPB.UK,INVESCO PERPETUAL SELECT TRUST
IVPG.UK,INVESCO PERPETUAL SELECT TRUST
IVPM.UK,INVESCO PERPETUAL SELECT TRUST
IVPU.UK,INVESCO PERPETUAL SELECT TRUST
IXI.UK,IXICO
JAI.UK,JPMORGAN ASIAN INVESTMENT TRUST
JAM.UK,JPMORGAN AMERICAN INVESTMENT TRUST
JAR.UK,JARDINE MATHESON HOLDINGS
JARB.UK,JARDINE MATHESON HOLDINGS LD
JCH.UK,JPMORGAN CLAVERHOUSE INVESTMENT TRUST
JDG.UK,JUDGES SCIENTIFIC
JDS.UK,JARDINE STRATEGIC HOLDINGS
JDSB.UK,JARDINE STRATEGIC HOLDIN
JDT.UK,JUPITER DIVIDEND & GROWTH TRUST
JDTC.UK,JUPITER DIVIDEND & GROWTH TRUST
JDTZ.UK,JUPITER DIVIDEND & GROWTH TRUST
JDW.UK,J D WETHERSPOON
JD_.UK,JD SPORTS FASHION
JEL.UK,JERSEY ELECTRICITY
JEMI.UK,JPMORGAN GLOBAL EMERGING MARKETS INCOME TRUST
JEO.UK,JUPITER EUROPEAN OPPORTUNITIES TRUST
JESC.UK,JPMORGAN EUROPEAN SMALLER COMPANIES TRUST
JETG.UK,JPMORGAN EUROPEAN INVESTMENT TRUST GROWTH
JETI.UK,JPMORGAN EUROPEAN INVESTMENT TRUST INCOME
JE_.UK,JUST EAT
JFJ.UK,JPMORGAN JAPANESE INVESTMENT TRUST
JGC.UK,JUPITER GREEN INVESTMENT TRUST
JGCI.UK,JPMORGAN GLOBAL CONVERTIBLES INCOME FUND
JHD.UK,JAMES HALSTEAD
JHDA.UK,JAMES HALSTEAD
JIGC.UK,JPMORGAN INCOME & GROWTH INVESTMENT TRUST
JIGI.UK,JPMORGAN INCOME & GROWTH INVESTMENT TRUST
JIGU.UK,JPMORGAN INCOME & CAPITAL INVESTMENT TRUST GEARED
JII.UK,JPMORGAN INDIAN INVESTMENT TRUST
JIL.UK,JURIDICA INVESTMENTS
JIM.UK,JARVIS SECURITIES
JKX.UK,JKX OIL & GAS
JLEN.UK,JOHN LAING ENVIRONMENTAL ASSETS GROUP
JLF.UK,JELF GROUP
JLG.UK,JOHN LAING GROUP
JLH.UK,JOHN LEWIS OF HUNGERFORD
JLIF.UK,JOHN LAING INFRASTRUCTURE FUND
JLP.UK,JUBILEE PLATINUM
JLT.UK,JARDINE LLOYD THOMPSON GROUP
JMAT.UK,JOHNSON MATTHEY
JMC.UK,JPMORGAN CHINESE INVESTMENT TRUST
JMF.UK,JPMORGAN MID CAP INVESTMENT TRUST
JMG.UK,JPMORGAN EMERGING MARKETS INVESTMENT TRUST
JMI.UK,JPMORGAN SMALLER COMPANIES INVESTMENT TRUST
JMIS.UK,JPMORGAN SMALLER COMPANIES INVESTMENT TRUST
JMO.UK,JPMORGAN OVERSEAS INVESTMENT TRUST
JMOS.UK,JPMORGAN OVERSEAS INVEST
JNY.UK,JOURNEY GROUP
JOG.UK,JERSEY OIL & GAS
JPB.UK,JPMORGAN BRAZIL INVESTMENT TRUST
JPE.UK,JPMORGAN ELECT MANAGED GROWTH
JPEC.UK,JPMORGAN ELECT MANAGED CASH
JPEI.UK,JPMORGAN ELECT MANAGED INCOME
JPEL.UK,JP MORGAN PRIVATE EQUITY
JPG.UK,JUPITER GLOBAL TRUST
JPGB.UK,ETFS SHORT JPY LONG GBP
JPI.UK,JPMORGAN INCOME & CAPITAL TRUST
JPIU.UK,JPMORGAN INCOME & CAPITAL TRUST
JPIZ.UK,JPMORGAN INCOME & CAPITAL TRUST
JPM.UK,JPMORGAN CHASE
JPR.UK,JOHNSTON PRESS
JPRL.UK,JUPITER ENERGY
JPS.UK,JPMORGAN JAPAN SMALLER COMPANIES TRUST
JPSL.UK,JP MORGAN SENIOR SECURED LOAN FUND
JPSS.UK,JPMORGAN JAPAN SMALLER COMPANIES TRUST
JPSZ.UK,JP MORGAN PRIVATE EQUITY
JPYP.UK,ETFS LONG JPY SHORT USD
JPZZ.UK,J.P. MORGAN PRIVATE EQUITY LD
JQW.UK,JQW
JRG.UK,JUST RETIREMENT GROUP
JRIC.UK,JAPAN RESIDENTIAL INVESTMENT
JRS.UK,JPMORGAN RUSSIAN SECURITIES
JSG.UK,JOHNSON SERVICE GROUP
JSI.UK,JIASEN INT HOLDINGS
JUB.UK,JUBILANT ENERGY N.V
JUP.UK,JUPITER FUND MANAGEMENT
JUS.UK,JUPITER US SMALLER COMPANIES
JUSC.UK,JPMORGAN US SMALLER COMPANIES INVESTMENT TRUST
JWNG.UK,JAYWING
JZCN.UK,JZ CAPITAL PARTNERS
JZCP.UK,JZ CAPITAL PARTNERS
JZCX.UK,JZ CAPITAL PARTNERS
JZCZ.UK,JZ CAPITAL PARTNERS
KAKU.UK,KAKUZI
KAY.UK,KINGS ARMS YARD VCT
KAZ.UK,KAZ MINERALS
KBC.UK,KBC ADVANCED TECHNOLOGIES
KBE.UK,KIMBERLY ENTERPRISES
KBT.UK,K3 BUSINESS TECHNOLOGY GROUP
KCOM.UK,KCOM GROUP
KCR.UK,K&C REIT
KDR.UK,KARELIAN DIAMOND RESOURCES
KEA.UK,KEA PETROLEUM
KEFI.UK,KEFI MINERALS
KEM.UK,KEMIN RESOURCES
KENV.UK,KENNEDY VENTURES
KGF.UK,KINGFISHER
KGLD.UK,KOLAR GOLD
KGP.UK,KINGSPAN GROUP
KIBO.UK,KIBO MINING
KIE.UK,KIER GROUP
KIT.UK,KEYSTONE INVESTMENT TRUST
KLBT.UK,KALIBRATE TECHNOLOGIES
KLN.UK,KELLAN GROUP
KLR.UK,KELLER GROUP
KMK.UK,KROMEK GROUP
KMR.UK,KENMARE RESOURCES
KNM.UK,KONAMI
KNOS.UK,KAINOS GROUP
KOD.UK,KODAL MINERALS
KOOV.UK,KOOVS
KRS.UK,KERAS
KSK.UK,KSK POWER VENTUR
KUBC.UK,KUBERA CROSS-BORDER FUND
KUL.UK,KUALA
KWE.UK,KENNEDY WILSON EUROPE REAL ESTATE
KWS.UK,KEYWORDS STUDIOS
KYGA.UK,KERRY GROUP
LAD.UK,LADBROKES
LAKE.UK,LAKEHOUSE
LAM.UK,LAMPRELL
LAND.UK,LAND SECURITIES GROUP
LAS.UK,LONDON & ASSOCIATED PROPERTIES
LAUD.UK,ETFS LONG AUD SHORT USD
LBB.UK,LITEBULB GROUP
LBOW.UK,ICG-LONGBOW SENIOR SECURED UK PROPERTY DEBT INVESTMENTS
LBS.UK,LEEDS BUILDING SOCIETY
LCG.UK,LONDON CAPITAL GROUP HOLDINGS
LCHF.UK,ETFS LONG CHF SHORT USD
LCNP.UK,ETFS LONG CNY SHORT USD USD
LDP.UK,LEED RESOURCES
LDSG.UK,LEEDS GROUP
LEAF.UK,LEAF CLEAN ENERGY
LEAL.UK,LEAD ALL INVESTMENTS
LED.UK,LED INT HOLDINGS
LEED.UK,ETFS LEAD INDIVIDUAL SECURITIES
LEF.UK,LUDGATE ENVIRONMENTAL FUND
LEG.UK,LEGENDARY INVESTMENTS
LEK.UK,LEKOIL
LEUR.UK,ETFS LONG EUR SHORT USD
LFI.UK,LONDON FINANCE & INVESTMENT GROUP
LGEN.UK,LEGAL & GENERAL GROUP
LGO.UK,LGO ENERGY
LGT.UK,LIGHTHOUSE GROUP
LID.UK,LIDCO GROUP
LIFE.UK,LIFE SCIENCE DEVELOPMENTS
LINP.UK,ETFS LONG INR SHORT USD USD
LINR.UK,ETFS LONG INR SHORT USD USD
LIO.UK,LIONTRUST ASSET MANAGEMENT
LIV.UK,LIVERMORE INVESTMENTS GROUP
LIVN.UK,LIVANOVA
LJP3.UK,ETFS 3X LONG JPY SHORT USD
LJPY.UK,ETFS LONG JPY SHORT USD
LKOH.UK,LUKOIL
LLD1.UK,LLOYDS BANKING GROUP
LLD2.UK,LLOYDS BANKING GROUP
LLD6.UK,LLOYDS BANKING GROUP
LLOY.UK,LLOYDS BANKING GROUP
LLPC.UK,LLOYDS BANKING GROUP
LLPD.UK,LLOYDS BANKING GROUP
LLPE.UK,LLOYDS BANKING GROUP
LLPG.UK,LLOYDS BANKING GROUP
LME.UK,LIMITLESS EARTH
LMI.UK,LONMIN
LMP.UK,LONDONMETRIC PROPERTY
LMS.UK,LMS CAPITAL
LND.UK,LANDORE RESOURCES
LNOK.UK,ETFS LONG NOK SHORT USD
LNTR.UK,LENTA
LOGP.UK,LANSDOWNE OIL & GAS
LOK.UK,LOK'NSTORE GROUP
LOOK.UK,LOOKERS
LPA.UK,LPA GROUP
LRD.UK,LAIRD
LRE.UK,LANCASHIRE HOLDINGS
LRM.UK,LOMBARD RISK MANAGEMENT
LSC.UK,LONDON SECURITY
LSE.UK,LONDON STOCK EXCHANGE GROUP
LSIC.UK,LIFELINE SCIENTIFIC
LSL.UK,LSL PROPERTY SERVICES
LSLI.UK,LONDON & ST LAWRENCE INVESTMENT COMPANY
LSR.UK,THE LOCAL SHOPPING REIT
LTC.UK,LATCHWAYS
LTG.UK,LEARNING TECHNOLOGIES GROUP
LTHM.UK,JAMES LATHAM
LTHP.UK,LATHAM
LTI.UK,LINDSELL TRAIN INVESTMENT TRUST
LVD.UK,LAVENDON GROUP
LVRT.UK,LEVRETT
LWB.UK,LOW & BONAR
LWDB.UK,LAW DEBENTURE
LWI.UK,LOWLAND INVESTMENT COMPANY
LWRF.UK,LIGHTWAVERF
LXB.UK,LXB RETAIL PROPERTIES
MAB.UK,MITCHELLS & BUTLERS
MAB1.UK,MORTGAGE ADVICE BUREAU HOLDINGS
MAC.UK,MARECHALE CAPITAL
MACC.UK,MACROMAC
MACF.UK,MACFARLANE GROUP
MAFL.UK,MINERAL & FINANCIAL INVESTMENTS
MAGP.UK,MAGNOLIA PETROLEUM
MAI.UK,MAINTEL HOLDINGS
MAJE.UK,MAJEDIE INVESTMENTS
MANX.UK,MANX TELECOM
MARI.UK,MARIMEDIA
MARL.UK,MARIANA RESOURCES
MARS.UK,MARSTON'S
MASA.UK,MASAWARA
MATD.UK,PETRO MATAD
MAV4.UK,MAVEN INCOME AND GROWTH VCT4
MAW.UK,MARUWA
MAYA.UK,MAYAIR GROUP
MBC.UK,MITSUBISHI
MBH.UK,MICHELMERSH BRICK HOLDINGS
MBO.UK,MOBILITYONE
MBSP.UK,MANCHESTER BUILDING SOCIETY
MBSR.UK,MANCHESTER BUILDING SOCIETY
MBT.UK,MOBILE TORNADO GROUP
MCB.UK,MCBRIDE
MCGN.UK,MICROGEN
MCKS.UK,MCKAY SECURITIES
MCLS.UK,MCCOLL'S RETAIL GROUP
MCO.UK,MARTINCO
MCON.UK,MINCON GROUP
MCP.UK,MARTIN CURRIE ASIA UNCONSTRAINED TRUST
MCRO.UK,MICRO FOCUS INT
MCS.UK,MCCARTHY & STONE
MCT.UK,MIDDLEFIELD CANADIAN INCOME PCC
MDO.UK,MANDARIN ORIENTAL INTERN
MDOB.UK,MANDARIN ORIENTAL INT
MDOJ.UK,MANDARIN ORIENTAL INT
MDZ.UK,MEDIAZEST
MED.UK,MEDAPHOR GROUP
MEDI.UK,MEDILINK-GLOBAL UK
MEL.UK,MITSUBISHI ELECTRIC
MER.UK,MEARS GROUP
MERC.UK,MERCIA TECHNOLOGIES
MERL.UK,MERLIN ENTERTAINMENTS
MES.UK,MESSAGING INT
MFX.UK,MANX FINANCIAL GROUP
MGAM.UK,MORGAN ADVANCED MATERIALS
MGGT.UK,MEGGITT
MGHC.UK,M&G HIGH INCOME INVESTMENT TRUST
MGHI.UK,M&G HIGH INCOME INVESTMENT TRUST
MGHP.UK,M&G HIGH INCOME INVESTMENT TRUST
MGHU.UK,M&G HIGH INCOME INVESTMENT TRUST
MGHZ.UK,M&G HIGH INCOME INVESTMENT TRUST
MGNS.UK,MORGAN SINDALL GROUP
MGR.UK,MITON GROUP
MHM.UK,MARSH & MCLENNAN COS.
MHN.UK,MENHADEN CAPITAL
MIG.UK,MOBEUS INCOME & GROWTH 2 VCT
MIG1.UK,MAVEN INCOME & GROWTH VCT
MIG2.UK,MAVEN INCOME AND GROWTH VCT 2
MIG3.UK,MAVEN INCOME AND GROWTH VCT 3
MIG4.UK,MOBEUS INCOME & GROWTH 4 VTC
MIG5.UK,MAVEN INCOME & GROWTH VCT5
MIG6.UK,MAVEN INCOME AND GROWTH VCT 6
MIL.UK,MYANMAR INVESTMENTS INT
MIN.UK,MINOAN GROUP
MINI.UK,MITON UK MICROCAP TRUST
MIO.UK,MINCO
MIRA.UK,MIRADA
MIRL.UK,MINERA IRL
MITH.UK,MITHRIL CAPITAL
MIX.UK,MOBEUS INCOME & GROWTH VCT
MJW.UK,MAJESTIC WINE
MKLW.UK,MUCKLOW A & J GROUP
MKS.UK,MARKS & SPENCER GROUP
MKT.UK,MARKET TECH HOLDINGS
MLC.UK,MILLENNIUM & COPTHORNE HOTELS
MLD.UK,MIRLAND DEVELOPMENT
MLIN.UK,MOLINS
MMC.UK,MANAGEMENT CONSULTING GROUP
MMH.UK,MARSHALL MOTOR HOLDINGS
MMO.UK,MERCOM OIL SANDS
MMP.UK,MARWYN MANAGEMENT PARTNERS
MMX.UK,MINDS PLUS MACHINES GROUP
MNC.UK,METMINCO
MNDI.UK,MONDI
MNKS.UK,MONKS INVESTMENT TRUST
MNL.UK,MANCHESTER & LONDON INVESTMENT TRUST
MNP.UK,MARTIN CURRIE PORTFOLIO INVESTMENT TRUST
MNZS.UK,JOHN MENZIES
MOGP.UK,MOUNTFIELD GROUP
MOIL.UK,MADAGASCAR OIL
MONI.UK,MONITISE
MONY.UK,MONEYSUPERMARKET.COM GROUP
MORT.UK,MORTICE
MOS.UK,MOBILE STREAMS
MOSB.UK,MOSS BROS GROUP
MPAY.UK,MI-PAY GROUP
MPE.UK,MP EVANS GROUP
MPI.UK,MICHAEL PAGE INT
MPM.UK,MPORIUM GROUP
MPO.UK,MACAU PROPERTY OPPORTUNITIES FUND
MRC.UK,MERCANTILE INVESTMENT TRUST
MRCH.UK,MERCHANTS TRUST
MRL.UK,MARLOWE HOLDINGS
MRO.UK,MELROSE INDUSTRIES
MRR.UK,MILL RESIDENTIAL REIT PL
MRS.UK,MANAGEMENT RESOURCE SOLU
MRW.UK,WM MORRISON SUPERMARKETS
MSG.UK,MILESTONE GROUP
MSI.UK,MS INT
MSLH.UK,MARSHALLS
MSMN.UK,MOSMAN OIL & GAS
MSYS.UK,MICROSAIC SYSTEMS
MTC.UK,MOTHERCARE
MTE.UK,MONTANARO EUROPEAN SMALLER COS TRUST
MTEC.UK,MATCHTECH GROUP
MTFB.UK,MOTIF BIO
MTH.UK,MITHRAS INVESTMENT TRUST
MTL.UK,METALS EXPLORATION
MTMY.UK,MATOMY MEDIA GROUP
MTO.UK,MITIE GROUP
MTPH.UK,MIDATECH PHARMA
MTR.UK,METAL TIGER
MTU.UK,MONTANARO UK SMALLER COMPANIES INVESTMENT TRUST
MTV.UK,MOTIVE TELEVISION
MTVW.UK,MOUNTVIEW ESTATES
MTW.UK,MATTIOLI WOODS
MUBL.UK,MBL GROUP
MUL.UK,MULBERRY GROUP
MUR.UK,MURGITROYD GROUP
MUT.UK,MURRAY INCOME TRUST
MVI.UK,MARWYN VALUE INVESTORS
MWA.UK,MWANA AFRICA
MWE.UK,MTI WIRELESS EDGE
MWG.UK,MODERN WATER
MWGT.UK,MITON WORLDWIDE GROWTH INVESTMENT TRUST
MWY.UK,MID WYND INT INVESTMENT TRUST
MXCP.UK,MXC CAPITAL
MXF.UK,MEDICX FUND
MXO.UK,MX OIL
MXP.UK,MAX PETROLEUM
MYI.UK,MURRAY INT TRUST
MYIB.UK,MURRAY INT TRUST
MYSL.UK,MYSALE GROUP
MYSQ.UK,MYSQUAR
MYT.UK,MYTRAH ENERGY
MYX.UK,MYCELX TECHNOLOGIES
MYXR.UK,MYCELX TECHNOLOGIES
NABB.UK,NATIONWIDE BUILDING SOCIETY
NAH.UK,NAHL GROUP
NAIT.UK,NORTH AMERICAN INCOME TRUST
NAK.UK,NAKAMA GROUP
NANO.UK,NANOCO GROUP
NANW.UK,NATIONWIDE BUILDING SOCIETY
NAR.UK,NORTHAMBER
NAS.UK,NORTH ATLANTIC SMALLER COS INVESTMENT TRUST
NASA.UK,NASSTAR
NAWI.UK,NATIONWIDE BUILDING SOCIETY
NBB.UK,NORMAN BROADBENT
NBDD.UK,NB DISTRESSED DEBT INVESTMENT FUND
NBDG.UK,NB DISTRESSED DEBT INVESTMENT FUND
NBDX.UK,NB DISTRESSED DEBT INVESTMENT FUND
NBI.UK,NORTHBRIDGE INDUSTRIAL SERVICES
NBLS.UK,NB GLOBAL FLOATING RATE INCOME FUND
NBLU.UK,NB GLOBAL FLOATING RATE INCOME FUND
NBNK.UK,NBNK INVESTMENTS
NBPE.UK,NB PRIVATE EQUITY PARTNERS
NBPZ.UK,NB PRIVATE EQUITY PARTNERS
NBR.UK,NAMIBIAN RESOURCES
NBSP.UK,NEWCASTLE BUILDING SOCIETY
NBSR.UK,NEWCASTLE BUILDING SOCIETY
NCA.UK,NEW CENTURY AIM VCT
NCA2.UK,NEW CENTURY AIM VCT 2 PL
NCC.UK,NCC GROUP
NCCL.UK,NCONDEZI ENERGY
NCE.UK,NEW CITY ENERGY
NCON.UK,NORCON
NCT.UK,NORTHCOTE ENERGY
NCYF.UK,CQS NEW CITY HIGH YIELD FUND
NEP.UK,NEPTUNE CALCULUS INCOME & GROWTH VCT
NEPI.UK,NEW EUROPE PROPERTY INVESTMENTS
NESF.UK,NEXTENERGY SOLAR FUND
NET.UK,NETCALL
NETD.UK,NETDIMENSIONS HOLDINGS
NEW.UK,NEW WORLD OIL AND GAS
NEX.UK,NATIONAL EXPRESS GROUP
NFC.UK,NEXT FIFTEEN COMMUNICATIONS GROUP
NGR.UK,NATURE GROUP
NG_.UK,NATIONAL GRID
NHL.UK,NOMAD FOODS
NHY.UK,NORSK HYDRO ASA
NICL.UK,NICHOLS
NII.UK,NEW INDIA INVESTMENT TRUST
NIPT.UK,PREMAITHA HEALTH
NKTN.UK,NEKTAN
NLG.UK,ARRIA NLG
NMC.UK,NMC HEALTH
NMD.UK,NORTH MIDLAND CONSTRUCTION
NMG.UK,NORICUM GOLD
NOG.UK,NOSTRUM OIL & GAS
NOGB.UK,ETFS SHORT NOK LONG GBP
NOKP.UK,ETFS LONG NOK SHORT USD
NOP.UK,NORTHERN PETROLEUM
NOTP.UK,NOTTINGHAM BUILDING SOCIETY
NOVA.UK,NOVA RESOURCES
NPT.UK,NETPLAY TV
NRGY.UK,IPATH S&P GSCI ENERGY INDEX TR ETN
NRI.UK,NORTHERN INVESTORS
NRR.UK,NEWRIVER RETAIL
NRRP.UK,NORTH RIVER RESOURCES
NSA.UK,NIMROD SEA ASSETS
NSCI.UK,NETSCIENTIFIC
NSF.UK,NON-STANDARD FINANCE
NSH.UK,NORISH
NSI.UK,NEW STAR INVESTMENT TRUST
NTA.UK,NORTHACRE
NTBC.UK,NOIDA TOLL BRIDGE
NTBR.UK,NORTHERN BEAR
NTEA.UK,NORTHERN ELECTRIC
NTG.UK,NORTHGATE
NTLG.UK,NEW TREND LIFESTYLE GROUP
NTN.UK,NORTHERN 3 VCT
NTOG.UK,NOSTRA TERRA OIL & GAS
NTQ.UK,ENTEQ UPSTREAM
NTV.UK,NORTHERN 2 VCT
NUM.UK,NUMIS
NUOG.UK,NU-OIL AND GAS
NVA.UK,NOVAE GROUP
NVT.UK,NORTHERN VENTURE TRUST
NWBD.UK,NATIONAL WESTMINSTER BANK
NWF.UK,NWF GROUP
NWIG.UK,NORTHWEST INVESTMENT GROUP
NWR.UK,NEW WORLD RESOURCES
NWT.UK,NEWMARK SECURITY
NXR.UK,NORCROS
NXT.UK,NEXT
NYO.UK,NYOTA MINERALS
NZDP.UK,ETFS LONG NZD SHORT USD
NZGB.UK,ETFS SHORT NZD LONG GBP
O001.UK,ISHARES
O009.UK,ISHARES
O017.UK,ISHARES
O018.UK,ISHARES
O019.UK,ISHARES
O033.UK,ISHARES
O036.UK,ISHARES
O055.UK,ISHARES
O056.UK,ISHARES
O057.UK,ISHARES
O076.UK,ISHARES
O088.UK,ISHARES
O102.UK,ISHARES
O108.UK,ISHARES
O119.UK,INVESCO ACTIVE CASH PENSION
O124.UK,ISHARES
OAP3.UK,OCTOPUS APOLLO VCT
OAPC.UK,OCTOPUS APOLLO VCT
OBT.UK,OBTALA RESOURCES
OCDO.UK,OCADO GROUP
OCL.UK,OAKLEY CAPITAL INVESTMENTS
OCN.UK,OCEAN WILSONS HOLDINGS
OCT.UK,OCTAGONAL
OCV3.UK,OCTOPUS VCT 3
OCV4.UK,OCTOPUS VCT 4
ODX.UK,OMEGA DIAGNOSTICS GROUP
OEC1.UK,OCTOPUS ECLIPSE VCT
OEX.UK,OILEX
OGN.UK,ORIGIN ENTERPRISES
OIG.UK,ORYX INT GROWTH FUND
OMG.UK,OMG
OMI.UK,OROSUR MINING
OMIP.UK,ONE MEDIA IP GROUP
OML.UK,OLD MUTUAL
ONL.UK,ON-LINE
ONZ.UK,ONZIMA VENTURES
OOA.UK,OCTOPUS AIM VCT
OPAY.UK,OPTIMAL PAYMENTS
OPG.UK,OPG POWER VENTURES
OPHR.UK,OPHIR ENERGY
OPM.UK,1PM
OPP.UK,ORIGO PARTNERS
OPPP.UK,ORIGO PARTNERS
OPRA.UK,OPERA INVESTMENTS
OPTI.UK,OPTIBIOTIX HEALTH
ORCH.UK,ORCHARD FUNDING GROUP
ORCP.UK,ORACLE COALFIELDS
ORE.UK,OROGEN GOLD
ORM.UK,ORMONDE MINING
OSB.UK,ONESAVINGS BANK
OSEC.UK,OCTOPUS SECOND AIM VCT 2
OSG.UK,OPSEC SECURITY GROUP
OSU.UK,ORSU METALS
OTB.UK,ON THE BEACH GROUP
OTC.UK,ORTAC RESOURCES
OTM.UK,OTTOMAN FUND
OTT.UK,OXFORD TECHNOLOGY 3 VCT
OTV2.UK,OCTOPUS TITAN VCT
OUT.UK,OUTSOURCERY
OVC2.UK,OCTOPUS VCT 2
OVG.UK,OVOCA GOLD
OXA.UK,OXFORD ADVANCED SURFACES GROUP
OXB.UK,OXFORD BIOMEDICA
OXF.UK,OXFORD TECHNOLOGY 4 VCT
OXH.UK,OXFORD TECHNOLOGY 2 VENTURE CAPITAL TRUST
OXIG.UK,OXFORD INSTRUMENTS
OXP.UK,OXFORD PHARMASCIENCE GROUP
OXS.UK,OXUS GOLD
OXT.UK,OXFORD TECHNOLOGY VENTURE CAPITAL TRUST
P2P.UK,P2P GLOBAL INVESTMENTS P
P2P2.UK,P2P GLOBAL INVESTMENTS P
PAA.UK,PARALLEL MEDIA GROUP
PAC.UK,PACIFIC ASSETS TRUST
PACC.UK,PRIME ACTIVE CAPITAL
PACL.UK,PACIFIC ALLIANCE CHINA LAND
PAF.UK,PAN AFRICAN RESOURCES
PAG.UK,PARAGON GROUP OF COMPANIES
PAL.UK,EQUATORIAL PALM OIL
PANR.UK,PANTHEON RESOURCES
PAP.UK,PADDY POWER
PAX.UK,PACIFIC ALLIANCE ASIA OPPORTUNITY FUND L
PAY.UK,PAYPOINT
PAYS.UK,PAYSAFE GROUP
PA_.UK,PARTNERSHIP ASSURANCE GROUP
PCA.UK,PALACE CAPITAL
PCF.UK,PRIVATE & COMMERCIAL FINANCE GROUP
PCFS.UK,POLAR CAPITAL GLOBAL FINANCIALS TRUST
PCFT.UK,POLAR CAPITAL GLOBAL FINANCIALS TRUST
PCGB.UK,POWER CAPITAL GLOBAL
PCGE.UK,PCG ENTERTAINMENT
PCGH.UK,POLAR CAPITAL GLOBAL HEALTHCARE GROWTH & INCOME
PCI.UK,PETROCELTIC INT
PCT.UK,POLAR CAPITAL TECHNOLOGY TRUST
PCTN.UK,PICTON PROPERTY INCOME
PCTZ.UK,PICTON ZDP
PDG.UK,PENDRAGON
PDL.UK,PETRA DIAMONDS
PDZ.UK,PRAIRIE MINING
PEBI.UK,PORT ERIN BIOPHARMA INVESTMENTS
PEG.UK,PETARDS GROUP
PEL.UK,PARAGON ENTERTAINMENT
PEMB.UK,PEMBROKE VCT
PEMV.UK,PEMBROKE VCT
PEN.UK,PENNANT INT GROUP
PEQ.UK,PRIVATE EQUITY INVESTOR
PET.UK,PETREL RESOURCES
PETS.UK,PETS AT HOME GROUP
PEW.UK,PREMIER ENERGY & WATER TRUST
PEWZ.UK,PREMIER ENERGY & WATER TRUST
PEY.UK,PRINCESS PRIVATE EQUITY HOLDING
PFC.UK,PETROFAC
PFD.UK,PREMIER FOODS
PFG.UK,PROVIDENT FINANCIAL
PFL.UK,PREMIER FARNELL
PFLA.UK,PREMIER FARNELL
PFLB.UK,PREMIER FARNELL
PFP.UK,PATHFINDER MINERALS
PFZ.UK,PFIZER INCORPORATED
PGD.UK,PATAGONIA GOLD
PGH.UK,PERSONAL GROUP HOLDINGS
PGIL.UK,POLYUS GOLD INT
PGOO.UK,PROVEN GROWTH & INCOME VCT
PGY.UK,PROGILITY
PHC.UK,PLANT HEALTH CARE
PHD.UK,PROACTIS HOLDINGS
PHE.UK,POWERHOUSE ENERGY GROUP
PHI.UK,PACIFIC HORIZON INVESTMENT TRUST
PHNX.UK,PHOENIX GROUP HOLDINGS
PHO.UK,PEEL HOTELS
PHP.UK,PRIMARY HEALTH PROPERTIES
PHRM.UK,PHORM
PHSC.UK,PHSC
PHTM.UK,PHOTO-ME INT
PHU.UK,M&L PROPERTY & ASSETS
PIC.UK,PACE
PIL.UK,PRODUCE INVESTMENTS
PIM.UK,PLANT IMPACT
PIN.UK,PANTHEON INT
PINN.UK,PINNACLE TECHNOLOGY GROUP
PINR.UK,PANTHEON INT
PIP.UK,PIPEHAWK
PIRI.UK,PIRES INVESTMENTS
PJF.UK,PROSPECT JAPAN FUND LD
PKG.UK,PARK GROUP
PLA.UK,PLASTICS CAPITAL
PLAZ.UK,PLAZA CENTERS
PLE.UK,PLETHORA SOLUTIONS HOLDINGS
PLI.UK,PERPETUAL INCOME AND GROWTH INVESTMENT TRUST
PLMO.UK,POLEMOS
PLND.UK,POUNDLAND GROUP
PLP.UK,POLYPIPE GROUP
PLUS.UK,PLUS500
PMEA.UK,PME AFRICAN INFRASTRUCTURE OPPORTUNITIES
PMG.UK,PARKMEAD GROUP
PMH.UK,PUMA HIGH INCOME VCT
PML.UK,PAPUA MINING
PMO.UK,PREMIER OIL
PMP.UK,PORTMEIRION GROUP
PMR.UK,PANMURE GORDON
PNA.UK,PENNA CONSULTING
PNL.UK,PERSONAL ASSETS TRUST
PNN.UK,PENNON GROUP
PNS.UK,PANTHER SECURITIES
POG.UK,PETROPAVLOVSK
POL.UK,POLO RESOURCES
POLR.UK,POLAR CAPITAL HOLDINGS
POLY.UK,POLYMETAL INT
POS.UK,PLEXUS HOLDINGS
POWR.UK,POWERFLUTE OYJ
PPC.UK,PRESIDENT ENERGY
PPE.UK,PROVEN PLANNED EXIT VCT
PPEA.UK,PROVEN PLANNED EXIT VCT
PPG.UK,PLUTUS POWERGEN
PPH.UK,PPHE HOTEL GROUP
PPIX.UK,PROPHOTONIX
PPS.UK,PROTON POWER SYSTEMS
PREM.UK,PREMIER AFRICAN MINERALS
PRES.UK,PRESSURE TECHNOLOGIES
PRG.UK,PARAGON DIAMONDS
PRM.UK,PROTEOME SCIENCES
PRO.UK,PROGRESSIVE DIGITAL MEDIA GROUP
PROG.UK,PRO GLOBAL INSURANCE SOLUTIONS
PROJ.UK,PROJECT FINANCE INVESTMENTS
PROX.UK,PROXAMA
PRP.UK,PRIME PEOPLE
PRS.UK,PATERNOSTER RESOURCES
PRTC.UK,PURETECH HEALTH
PRU.UK,PRUDENTIAL
PRV.UK,PORVAIR
PRW.UK,PROMETHEAN WORLD
PSDL.UK,PHOENIX SPREE DEUTSCHLAND
PSL.UK,PHOTONSTAR LED GROUP
PSN.UK,PERSIMMON
PSON.UK,PEARSON
PSPI.UK,PUBLIC SERVICE PROPERTIES INVESTMENTS
PTCM.UK,PORTA COMMUNICATIONS
PTD.UK,PITTARDS
PTEC.UK,PLAYTECH
PTF.UK,PHAUNOS TIMBER FUND
PTO.UK,PUBLISHING TECHNOLOGY
PTR.UK,PETRONEFT RESOURCES
PTSG.UK,PREMIER TECHNICAL SERVICES GROUP
PTV.UK,PEERTV
PTY.UK,PARITY GROUP
PU11.UK,PUMA VCT 11
PUB.UK,PUNCH TAVERNS
PUM8.UK,PUMA VCT 8
PUM9.UK,PUMA VCT 9
PUMA.UK,PUMA VCT VII
PUMX.UK,PUMA VCT 10
PUR.UK,PURE WAFER
PURE.UK,PURECIRCLE
PURI.UK,PURICORE
PURP.UK,PURPLEBRICKS GROUP
PVCS.UK,PV CRYSTALOX SOLAR
PVG.UK,PREMIER VETERINARY GROUP
PVN.UK,PROVEN VCT
PVR.UK,PROVIDENCE RESOURCES
PWS.UK,PINEWOOD GROUP
PXOG.UK,PROSPEX OIL AND GAS
PXS.UK,PROVEXIS
PYC.UK,PHYSIOMICS
PZC.UK,PZ CUSSONS
QED.UK,QUINTAIN ESTATES AND DEVELOPMENT
QFI.UK,QUADRISE FUELS INT
QIF.UK,QATAR INVESTMENT FUND
QIL.UK,QANNAS INVESTMENTS
QPP.UK,WATCHSTONE GROUP
QP_.UK,QUANTUM PHARMACEUTICAL
QQ_.UK,QINETIQ GROUP
QRM.UK,QUORAM
QRT.UK,QUARTO GROUP
QTX.UK,QUARTIX HOLDINGS
QXT.UK,QUIXANT
R4E.UK,REACH4ENTERTAINMENT ENTERPRISES
RAME.UK,RAME ENERGY
RAT.UK,RATHBONE BROTHERS
RBD.UK,REABOLD RESOURCES
RBG.UK,REVOLUTION BARS GROUP
RBN.UK,ROBINSON
RBS.UK,ROYAL BANK OF SCOTLAND GROUP
RB_.UK,RECKITT BENCKISER GROUP
RC2.UK,RECONSTRUCTION CAPITAL II
RCDO.UK,RICARDO
RCI.UK,RAPIDCLOUD INT
RCN.UK,REDCENTRIC
RCP.UK,RIT CAPITAL PARTNERS
RDI.UK,REDEFINE INT
RDL.UK,RANGER DIRECT LENDING FUND
RDSA.UK,ROYAL DUTCH SHELL
RDSB.UK,ROYAL DUTCH SHELL
RDT.UK,ROSSLYN DATA TECHNOLOGIES
RDW.UK,REDROW
REAC.UK,REACT ENERGY
REAT.UK,REACT GROUP
REC.UK,RECORD
RECI.UK,REAL ESTATE CREDIT INVESTMENTS PCC
RECP.UK,REAL ESTATE CREDIT INVESTMENTS PCC LIMIT
RED.UK,REDT ENERGY
REDD.UK,REDDE
REDT.UK,RED24
REDX.UK,REDX PHARMA
REH.UK,RENEWABLE ENERGY HOLDINGS
REL.UK,RELX
REM.UK,RARE EARTH MINERALS
RENE.UK,RENEURON GROUP
REVO.UK,REVOLYMER
REX.UK,REXAM
RE_.UK,REA HOLDINGS
RE_B.UK,R.E.A. HOLDINGS
RE_N.UK,R.E.A. HOLDINGS
RGD.UK,REAL GOOD FOOD
RGL.UK,REGIONAL REIT
RGM.UK,REGENCY MINES
RGP.UK,ROSS GROUP
RGS.UK,REGENERSIS
RGU.UK,REGUS
RHL.UK,REDHALL GROUP
RHM.UK,RESOURCE HOLDING MANAGEMENT
RIC.UK,RICHOUX GROUP
RICA.UK,RUFFER INVESTMENT COMPANY
RICO.UK,RICOH
RIFA.UK,RELIANCE INFRASTRUCTURE
RIIC.UK,RIGHTS AND ISSUES INVESTMENT TRUST
RIII.UK,RIGHTS AND ISSUES INVESTMENT TRUST
RIO.UK,RIO TINTO
RIV.UK,RIVER & MERCANTILE GROUP
RKH.UK,ROCKHOPPER EXPLORATION
RLD.UK,RICHLAND RESOURCES
RLE.UK,REAL ESTATE INVESTORS
RLH.UK,RED LEOPARD HOLDINGS
RM2.UK,RM2 INT
RMA.UK,RASMALA
RMG.UK,ROYAL MAIL
RMM.UK,RAMBLER METALS AND MINING
RMMC.UK,RIVER & MERCANTILE UK MICRO CAP INVESTMENT
RMP.UK,RED EMPEROR RESOURCES NL
RMV.UK,RIGHTMOVE
RM_.UK,RM
RNK.UK,RANK GROUP
RNO.UK,RENOLD
RNWH.UK,RENEW HOLDINGS
ROL.UK,ROTALA
ROR.UK,ROTORK
ROSE.UK,ROSE PETROLEUM
RPC.UK,RPC GROUP
RPO.UK,RUSPETRO
RPS.UK,RPS GROUP
RPT.UK,REGAL PETROLEUM
RQIH.UK,RANDALL & QUILTER INVESTMENT HOLDINGS
RRL.UK,RANGE RESOURCES
RRR.UK,RED ROCK RESOURCES
RRS.UK,RANDGOLD RESOURCES
RR_.UK,ROLLS-ROYCE HOLDINGS
RSA.UK,RSA INSURANCE GROUP
RSAB.UK,RSA INSURANCE GROUP
RSB.UK,RENSBURG AIM VCT
RSE.UK,RIVERSTONE ENERGY
RSS.UK,RAB SPECIAL SITUATIONS
RST.UK,RESTORE
RSTR.UK,RIGHTSTER GROUP
RSW.UK,RENISHAW
RTC.UK,RTC GROUP
RTN.UK,RESTAURANT GROUP
RTO.UK,RENTOKIL INITIAL
RUR.UK,RURELEC
RUS.UK,RAVEN RUSSIA
RUSP.UK,RAVEN RUSSIA
RWA.UK,ROBERT WALTERS
RWS.UK,RWS HOLDINGS
RXB.UK,REX BIONICS
RXP.UK,ROXI PETROLEUM
RYA.UK,RYANAIR HOLDINGS
S32.UK,SOUTH32
SAA.UK,M&C SAATCHI
SAB.UK,SABMILLER
SAC.UK,SACOIL HOLDINGS
SAF.UK,SAFELAND
SAFE.UK,SAFESTORE HOLDINGS
SAG.UK,SCIENCE GROUP
SAGA.UK,SAGA
SAL.UK,SPACEANDPEOPLE
SAN.UK,SANTANDER UK
SANB.UK,SANTANDER UK
SAPO.UK,SOUTH AFRICAN PROPERTY OPPORTUNITIES
SAR.UK,SAREUM HOLDINGS
SARS.UK,SAROSSA
SAT.UK,SATELLITE SOLUTIONS WORLDWIDE GROUP
SAV.UK,SAVANNAH RESOURCES
SAVP.UK,SAVANNAH PETROLEUM
SBIA.UK,STATE BANK OF INDIA
SBLM.UK,SABLE MINING AFRICA
SBRY.UK,J SAINSBURY
SBS.UK,SOURCE BIOSCIENCE
SCAM.UK,SCOTTISH AMERICAN INVESTMENT
SCE.UK,SURFACE TRANSFORMS
SCF.UK,SCHRODER INCOME GROWTH FUND
SCGL.UK,SEALAND CAPITAL GALAXY
SCH.UK,SAFECHARGE INT GROUP
SCHO.UK,SCHOLIUM GROUP
SCIN.UK,SCOTTISH INVESTMENT TRUST
SCL.UK,SCHLUMBERGER
SCLP.UK,SCANCELL HOLDINGS
SCN.UK,SACOVEN
SCP.UK,SCHRODER UK MID CAP FUND
SCPA.UK,SCAPA GROUP
SCS.UK,SCS GROUP
SCT.UK,SOFTCAT
SDI.UK,SCIENTIFIC DIGITAL IMAGING
SDL.UK,SDL
SDM.UK,STADIUM GROUP
SDP.UK,SCHRODER ASIAPACIFIC FUND
SDR.UK,SCHRODERS
SDRC.UK,SCHRODERS
SDU.UK,SCHRODER UK GROWTH FUND
SDV.UK,SMALL COMPANIES DIVIDEND TRUST
SDVZ.UK,SMALL COMPANIES DIVIDEND TRUST
SDY.UK,SPEEDY HIRE
SEA.UK,SEAENERGY
SEC.UK,STRATEGIC EQUITY CAPITAL
SEE.UK,SEEING MACHINES
SEN.UK,SENTERRA ENERGY
SEP.UK,STANDARD LIFE EUROPEAN PRIVATE EQUITY TRUST
SEPL.UK,SEPLAT PETROLEUM DEVELOPMENT
SEPU.UK,SEPURA
SEQC.UK,SEQUOIA ECONOMIC INFRASTRUCTURE INCOME FUND
SEQI.UK,SEQUOIA ECONOMIC INFRASTRUCTURE INCOME FUND
SER.UK,SEFTON RESOURCES
SERE.UK,SCHRODER EUROPEAN REAL ESTATE INVESTMENT TRUST
SERV.UK,SERVELEC GROUP
SEV.UK,SERVISION
SEY.UK,STERLING ENERGY
SFE.UK,SAFESTYLE UK
SFI.UK,SAGICOR FINANCIAL
SFR.UK,SEVERFIELD
SGC.UK,STAGECOACH GROUP
SGE.UK,SAGE GROUP
SGI.UK,STANLEY GIBBONS GROUP
SGM.UK,SIGMA CAPITAL GROUP
SGP.UK,SUPERGROUP
SGR.UK,SHORE CAPITAL GROUP
SGRE.UK,SCHRODER GLOBAL REAL EST
SGRO.UK,SEGRO
SGZ.UK,SCOTGOLD RESOURCES
SHAW.UK,SHAWBROOK GROUP
SHB.UK,SHAFTESBURY
SHFT.UK,SHAFT SINKERS HOLDINGS
SHG.UK,SHANTA GOLD
SHI.UK,SIG
SHOE.UK,SHOE ZONE
SHP.UK,SHIRE
SHRE.UK,SHARE
SHRS.UK,SHIRES INCOME
SIA.UK,SOCO INT
SIG.UK,SIGNET JEWELERS
SIGB.UK,SHERBORNE INVESTORS GUERNSEY B
SIGT.UK,SENECA GLOBAL INCOME & GROWTH
SIHL.UK,SYMPHONY INT HOLDINGS
SILF.UK,SILVER FALCON
SIM.UK,SIMIGON
SIR.UK,SECURE INCOME REIT
SIS.UK,SIS SCIENCE IN SPORT
SIT.UK,SANDITON INVESTMENT TRUST
SIV.UK,ST IVES
SIXH.UK,600 GROUP
SJG.UK,SCHRODER JAPAN GROWTH FUND
SKG.UK,SMURFIT KAPPA GROUP
SKIP.UK,SKANDIA ALFRED BERG INT PENSION
SKP.UK,SKYEPHARMA
SKS.UK,SHANKS GROUP
SKY.UK,SKY
SLE.UK,SAN LEON ENERGY
SLES.UK,STANDARD LIFE EQUITY INCOME TRUST
SLET.UK,STANDARD LIFE EQUITY INCOME TRUST
SLI.UK,STANDARD LIFE INVESTMENT PROPERTY INCOME TRUST
SLN.UK,SILENCE THERAPEUTICS
SLNG.UK,HC SLINGSBY
SLP.UK,SYLVANIA PLATINUM
SLS.UK,STANDARD LIFE UK SMALLER TRUST
SL_.UK,STANDARD LIFE
SMA.UK,SOVEREIGN MINES OF AFRICA
SMDS.UK,DS SMITH
SMIF.UK,TWENTYFOUR SELECT MONTHL
SMIN.UK,SMITHS GROUP
SMJ.UK,J SMART & CONTRACTORS
SML.UK,STRATEGIC MINERALS
SMP.UK,ST MODWEN PROPERTIES
SMS.UK,SMART METERING SYSTEMS
SMT.UK,SCOTTISH MORTGAGE INVESTMENT TRUST
SMTG.UK,SUMMIT GERMANY
SMWH.UK,WH SMITH
SNAK.UK,SNACKTIME
SNCL.UK,SINCLAIR HOLDINGS
SND.UK,SANDERSON GROUP
SNG.UK,SYNAIRGEN
SNG1.UK,SOCIETATEA NATIONALA DE
SNN.UK,SANNE GROUP
SNR.UK,SENIOR
SNT.UK,SABIEN TECHNOLOGY GROUP
SNTY.UK,SYNETY GROUP
SNX.UK,SYNECTICS
SN_.UK,SMITH & NEPHEW
SO4.UK,SALT LAKE POTASH
SOG.UK,STATPRO GROUP
SOI.UK,SCHRODER ORIENTAL INCOME FUND
SOLG.UK,SOLGOLD
SOLI.UK,SOLID STATE
SOLO.UK,SOLO OIL
SOM.UK,SOMERO ENTERPRISES
SOPH.UK,SOPHOS GROUP
SOU.UK,SOUND ENERGY
SPA.UK,1SPATIAL
SPD.UK,SPORTS DIRECT INT
SPDI.UK,SECURE PROPERTY DEVELOPMENT & INVESTMENT
SPE.UK,SOPHEON
SPGH.UK,SUPERGLASS HOLDINGS
SPH.UK,SINCLAIR IS PHARMA
SPHR.UK,SPHERE MEDICAL HOLDING
SPI.UK,SPIRE HEALTHCARE GROUP
SPK.UK,SPARK VENTURES
SPL.UK,SKIL PORTS & LOGISTICS
SPO.UK,SPORTECH
SPPC.UK,ST PETER PORT CAPITAL
SPRP.UK,SPRUE AEGIS
SPSC.UK,SPECTRA SYSTEMS
SPSM.UK,SPORTS STARS MEDIA
SPSY.UK,SPECTRA SYSTEMS
SPT.UK,SPIRENT COMMUNICATIONS
SPX.UK,SPIRAX-SARCO ENGINEERING
SQN.UK,SQN ASSET FINANCE INCOME FUND
SQNC.UK,SQN ASSET FINANCE INCOME FUND
SQS.UK,SQS SOFTWARE QUALITY SYSTEMS
SQZ.UK,SERICA ENERGY
SRB.UK,SERABI GOLD
SRE.UK,SIRIUS REAL ESTATE
SREI.UK,SCHRODER REAL ESTATE INVESTMENT TRUST
SRES.UK,SUNRISE RESOURCES
SRO.UK,SPITFIRE OIL
SRP.UK,SERCO GROUP
SRSP.UK,SIRIUS PETROLEUM
SRT.UK,SOFTWARE RADIO TECHNOLOGY
SRX.UK,SIERRA RUTILE
SSAC.UK,ISHARES MSCI ACWI ETF
SSE.UK,SSE
SSPG.UK,SSP GROUP
SST.UK,SCOTTISH ORIENTAL SMALLER COMPANIES TRUS
SSTY.UK,SAFESTAY
SSY.UK,SCISYS
STAB.UK,STANDARD CHARTERED
STAC.UK,STANDARD CHARTERED
STAF.UK,STAFFLINE GROUP
STAN.UK,STANDARD CHARTERED
STAR.UK,STARCOM
STB.UK,SECURE TRUST BANK
STCK.UK,STOCK SPIRITS GROUP
STCM.UK,STEPPE CEMENT
STE.UK,STEWART & WIGHT
STEL.UK,STELLAR DIAMONDS
STG.UK,STELLAR RESOURCES
STGR.UK,STRATMIN GLOBAL RESOURCES
STHR.UK,STHREE
STI.UK,STRATEX INT
STJ.UK,ST JAMES'S PLACE
STL.UK,STILO INT
STM.UK,STM GROUP
STOB.UK,STOBART GROUP
STR.UK,STRIDE GAMING
STS.UK,SECURITIES TRUST OF SCOTLAND
STVG.UK,STV GROUP
STY.UK,STYLES & WOOD GROUP
SUH.UK,SUTTON HARBOUR HOLDINGS
SULA.UK,SULA IRON & GOLD
SUMM.UK,SUMMIT THERAPEUTICS
SUN.UK,SURGICAL INNOVATIONS GROUP
SUS.UK,S&U
SVCA.UK,SERVOCA
SVE.UK,STARVEST
SVI.UK,SVG CAPITAL
SVM.UK,SVM UK EMERGING FUND
SVR.UK,SERVICEPOWER TECHNOLOGIES
SVS.UK,SAVILLS
SVT.UK,SEVERN TRENT
SWAP.UK,MONEYSWAP
SWEF.UK,STARWOOD EUROPEAN REAL ESTATE FINANCE
SWJ.UK,SWAN & SONS
SWL.UK,SWALLOWFIELD
SWP.UK,SWP GROUP
SXS.UK,SPECTRIS
SXX.UK,SIRIUS MINERALS
SYM.UK,SYMPHONY ENVIRONMENTAL TECHNOLOGIES
SYNT.UK,SYNTHOMER
SYQ.UK,SYQIC
SYR.UK,SYNERGY HEALTH
TAIH.UK,TAIHUA
TAL.UK,TEN ALPS
TALK.UK,TALKTALK TELECOM GROUP
TAN.UK,TANFIELD GROUP
TAP.UK,TAPTICA INT
TAST.UK,TASTY
TATE.UK,TATE & LYLE
TAU.UK,TAU CAPITAL
TAVI.UK,TAVISTOCK INVESTMENTS
TBGR.UK,TISO BLACKSTAR GROUP SE
TCA.UK,TERRA CAPITAL
TCF.UK,TERRA CATALYST FUND
TCG.UK,THOMAS COOK GROUP
TCM.UK,TELIT COMMUNICATIONS
TCN.UK,TRICORN GROUP
TCSA.UK,TCS GROUP HOLDING
TCSC.UK,TOWN CENTRE SECURITIES
TCT.UK,CAYENNE TRUST
TCY.UK,TELECITY GROUP
TDE.UK,TELEFONICA
TE10.UK,TEST STOCKS
TE12.UK,TEST STOCKS
TE18.UK,TEST STOCKS
TE21.UK,TEST STOCKS
TE99.UK,TEST STOCKS
TEA.UK,TEATHERS FINANCIAL
TECH.UK,TECHFINANCIALS
TED.UK,TED BAKER
TEF.UK,TELFORD HOMES
TEK.UK,TEKCAPITAL
TEM.UK,TEMPLETON EMERGING MARKETS INVESTMENT TRUST
TEN.UK,TENGRI RESOURCES
TEP.UK,TELECOM PLUS
TERN.UK,TERN
TES4.UK,TEST STOCKS
TET.UK,TREATT
TFG.UK,TETRAGON FINANCIAL GROUP
TFIF.UK,TWENTYFOUR INCOME FUND
TFW.UK,FW THORPE
TGL.UK,TOUCHSTONE GOLD
THAL.UK,THALASSA HOLDINGS
THL.UK,TONGAAT HULETT
THR.UK,THOR MINING
THRG.UK,BLACKROCK THROGMORTON TRUST
THRL.UK,TARGET HEALTHCARE REIT
THT.UK,THORNTONS
TIDE.UK,CRIMSON TIDE
TIG.UK,INNOVATION GROUP
TIGT.UK,TROY INCOME & GROWTH TRUST
TILS.UK,TIZIANA LIFE SCIENCES
TIR.UK,TIGER RESOURCE FINANCE
TJI.UK,TEJOORI
TLA.UK,TLA WORLDWIDE
TLI.UK,ALTERNATIVE ASSET OPPS PCC LD
TLOU.UK,TLOU ENERGY
TLPR.UK,TULLETT PREBON
TLW.UK,TULLOW OIL
TLY.UK,TOTALLY
TMK.UK,TORCHMARK
TMMG.UK,THE MISSION MARKETING GROUP
TMPL.UK,TEMPLE BAR INVESTMENT TRUST
TMT.UK,TMT INVESTMENTS
TMZ.UK,TOUMAZ
TND.UK,TANDEM GROUP
TNG.UK,TANGENT COMMUNICATIONS
TNI.UK,TRINITY MIRROR
TOM.UK,TOMCO ENERGY
TON.UK,TITON HOLDINGS
TORO.UK,TORO
TOT.UK,TOTAL PRODUCE
TP5B.UK,TP5 VCT
TPF.UK,TALIESIN PROPERTY FUND
TPFZ.UK,TALIESIN PROPERTY FUND L
TPG.UK,TP GROUP
TPK.UK,TRAVIS PERKINS
TPL.UK,TETHYS PETROLEUM
TPOG.UK,THIRD POINT OFFSHORE INVESTORS
TPOP.UK,PEOPLE'S OPERATOR
TPOU.UK,THIRD POINT OFFSHORE INVESTORS
TPS.UK,TURBO POWER SYSTEMS
TPT.UK,TOPPS TILES
TPV1.UK,TP INCOME VCT
TRAF.UK,TRAFALGAR NEW HOMES
TRAK.UK,TRAKM8 HOLDINGS
TRAP.UK,TRAP OIL GROUP
TRB.UK,TRIBAL GROUP
TRC.UK,TRINITY CAPITAL
TRCS.UK,TRACSIS
TRD.UK,TRIAD GROUP
TRE.UK,TRADING EMISSIONS
TREE.UK,CAMBIUM GLOBAL TIMBERLAND
TRG.UK,TR EUROPEAN GROWTH TRUST
TRI.UK,TRIFAST
TRIC.UK,TRICOR
TRIG.UK,THE RENEWABLES INFRASTRU
TRIN.UK,TRINITY EXPLORATION & PRODUCTION
TRK.UK,TOROTRAK
TRP.UK,TOWER RESOURCES
TRS.UK,TARSUS GROUP
TRT.UK,TRANSENSE TECHNOLOGIES
TRV.UK,TREVERIA
TRX.UK,TISSUE REGENIX GROUP
TRY.UK,TR PROPERTY INVESTMENT TRUST ORDINARY SHARES
TSCO.UK,TESCO
TSG.UK,TRANS-SIBERIAN GOLD
TSTL.UK,TRISTEL
TSTR.UK,TRI-STAR RESOURCES
TTA.UK,TOTAL
TTG.UK,TT ELECTRONICS
TTR.UK,32RED
TUI.UK,TUI
TUNE.UK,FOCUSRITE
TUNG.UK,TUNGSTEN
TW_.UK,TAYLOR WIMPEY
TXH.UK,TEX HOLDINGS
TYM.UK,TERTIARY MINERALS
TYMN.UK,TYMAN
TYR.UK,TYRATECH
TYRU.UK,TYRATECH
TYT.UK,TOYOTA MOTOR
UAI.UK,U & I GROUP
UANC.UK,URBAN & CIVIC
UAV.UK,UNICORN AIM VCT
UBI.UK,UBISENSE GROUP
UBM.UK,UBM
UCG.UK,UNITED CARPETS GROUP
UCP.UK,UCP
UDG.UK,UDG HEALTHCARE
UEM.UK,UTILICO EMERGING MARKETS
UEMS.UK,UTILICO EMERGING MARKETS
UEN.UK,URALS ENERGY PCL
UEP.UK,UMC ENERGY
UJO.UK,UNION JACK OIL
UKCM.UK,UK COMMERCIAL PROPERTY TRUST LD
UKM.UK,UK MAIL GROUP
UKML.UK,UK MORTGAGES
UKOG.UK,UK OIL & GAS INVESTMENTS
UKR.UK,UKRPRODUCT GROUP
UKRO.UK,UKRAINE OPPORTUNITY TRUST
UKT.UK,THREADNEEDLE UK SELECT TRUST
UKW.UK,GREENCOAT UK WIND
ULE.UK,ULTRA ELECTRONICS HOLDINGS
ULS.UK,ULS TECHNOLOGY
ULVR.UK,UNILEVER
UNG.UK,UNIVERSE GROUP
UPL.UK,UPLAND RESOURCES
URA.UK,URANIUM RESOURCES
URU.UK,URU METALS
USG.UK,ULTIMATE SPORTS GROUP
USY.UK,UNISYS
UTG.UK,UNITE GROUP
UTL.UK,UIL
UTLC.UK,UIL
UTLD.UK,UIL
UTLE.UK,UIL
UTV.UK,UTV MEDIA
UTW.UK,UTILITYWISE
UU_.UK,UNITED UTILITIES GROUP
UVEL.UK,UNIVISION ENGINEERING
VAL.UK,VALIRX
VAST.UK,VAST RESOURCES
VCBC.UK,VERTU CAPITAL
VCP.UK,VICTORIA
VCT.UK,VICTREX
VEC.UK,VECTURA GROUP
VED.UK,VEDANTA RESOURCES
VELA.UK,VELA TECHNOLOGIES
VEN.UK,VENTUS VCT
VEN2.UK,VENTUS VCT
VENC.UK,VENTUS VCT
VEND.UK,VENTUS VCT
VENN.UK,VENN LIFE SCIENCES HOLDINGS
VER.UK,VERNALIS
VGAS.UK,VOLGA GAS
VIN.UK,VALUE AND INCOME TRUST
VIP.UK,VIPERA
VIS.UK,VITESSE MEDIA
VLE.UK,VOLVERE
VLG.UK,VENTURE LIFE GROUP
VLK.UK,VISLINK
VLOX.UK,VELOX3
VLS.UK,VELOCYS
VLX.UK,VOLEX
VMP.UK,REACT GROUP
VMT.UK,VMOTO
VM_.UK,VIRGIN MONEY HOLDINGS UK
VNC.UK,VENTUS VCT
VND.UK,VENTUS VCT
VNET.UK,VIANET GROUP
VNH.UK,VIETNAM HOLDING
VNI.UK,VIETNAM INFRASTRUCTURE
VNIL.UK,VIETNAM INFRASTRUCTURE
VNL.UK,VINALAND
VNLZ.UK,VINALAND
VOD.UK,VODAFONE GROUP
VOF.UK,VINACAPITAL VIETNAM OPPORTUNITY FUND
VOG.UK,VICTORIA OIL & GAS
VP_.UK,VP
VRP.UK,VERONA PHARMA
VRS.UK,VERSARIEN
VSL.UK,VPC SPECIALTY LENDING IN
VSLC.UK,VPC SPECIALTY LENDING INVESTMENTS
VSN.UK,VERSEON
VSVS.UK,VESUVIUS
VTA.UK,VOLTA FINANCE
VTC.UK,VITEC GROUP
VTU.UK,VERTU MOTORS
VZC.UK,VERIZON COMMUNICATIONS
WAFM.UK,WEST AFRICAN MINERALS
WALG.UK,WALCOM GROUP
WAND.UK,WANDISCO
WATR.UK,WATER INTELLIGENCE
WCW.UK,WALKER CRIPS GROUP
WEB.UK,WEBIS HOLDINGS
WEIR.UK,WEIR GROUP
WEY.UK,WEY EDUCATION
WGB.UK,WALKER GREENBANK
WGP.UK,WORLDLINK GROUP
WG_.UK,JOHN WOOD GROUP
WHE.UK,SALT LAKE POTASH
WHI.UK,WH IRELAND GROUP
WIL.UK,WILMINGTON
WIN.UK,WINCANTON
WIND.UK,RENEWABLE ENERGY GENERATION
WINK.UK,M WINKWORTH
WIZZ.UK,WIZZ AIR HOLDINGS
WKOF.UK,WEISS KOREA OPPORTUNITY FUND
WKP.UK,WORKSPACE GROUP
WLFE.UK,WOLF MINERALS
WMH.UK,WILLIAM HILL
WOR.UK,WORLD CAREERS NETWORK
WORK.UK,WORK GROUP
WOS.UK,WOLSELEY
WPC.UK,WITAN PACIFIC INVESTMENT TRUST
WPCT.UK,WOODFORD PATIENT CAPITAL TRUST
WPG.UK,WORLDPAY GROUP
WPHO.UK,WINDAR PHOTONICS
WPP.UK,WPP
WRES.UK,W RESOURCES
WRL.UK,WENTWORTH RESOURCES
WRN.UK,WORTHINGTON GROUP
WSBN.UK,WISHBONE GOLD
WSG.UK,WESTMINSTER GROUP
WSL.UK,WORLDSEC
WSP.UK,WYNNSTAY PROPERTIES
WST.UK,ULTIMATE SPORTS GROUP
WTAN.UK,WITAN INVESTMENT TRUST
WTB.UK,WHITBREAD
WTE.UK,WESTMOUNT ENERGY
WTG.UK,WATCHSTONE GROUP
WTI.UK,WEATHERLY INT
WTM.UK,WATERMAN GROUP
WTR.UK,WORLD TRUST FUND
WWH.UK,WORLDWIDE HEALTHCARE TRUST
WYG.UK,WYG
WYN.UK,WYNNSTAY GROUP
XAR.UK,XAAR
XCH.UK,XCHANGING
XEL.UK,XCITE ENERGY
XLM.UK,XLMEDIA
XPL.UK,XPLORER
XPP.UK,XP POWER
XSG.UK,XEROS TECHNOLOGY GROUP
XTR.UK,XTRACT RESOURCES
YBS.UK,YORKSHIRE BUILDING SOCIETY
YMT1.UK,YANGMING MARINE TRANSPORT
YNGA.UK,YOUNG & CO'S BREWERY
YNGN.UK,YOUNG & CO'S BREWERY
YOLO.UK,YOLO LEISURE AND TECHNOLOGY
YOU.UK,YOUGOV
YUJ.UK,YUJIN INT
ZAM.UK,ZAMBEEF PRODUCTS
ZBO.UK,ZIBAO METALS RECYCLING HOLDINGS
ZCC.UK,ZCCM INVESTMENTS HOLDING
ZEG.UK,ZEGONA COMMUNICATIONS
ZHEH.UK,ZHEJIANG EXPRESSWAY
ZIOC.UK,ZANAGA IRON ORE
ZMNO.UK,ZAMANO
ZOL.UK,ZOLTAV RESOURCES
ZOO.UK,ZOO DIGITAL GROUP
ZOX.UK,ZINCOX RESOURCES
ZPLA.UK,ZOOPLA PROPERTY GROUP
ZTF.UK,ZOTEFOAMS
ZYT.UK,ZYTRONIC
ZZZ.UK,SNOOZEBOX HOLDINGS
